id,numero_factura,cliente,total,fecha_id
3,F-00003,9,50816.28,2026-03-02
4,F-00004,4,25000.00,2026-02-25
85,F-00085,6,16661.96,2026-03-15
39,F-00039,10,1329.78,2026-03-03
6,F-00006,4,16232.07,2026-03-13
7,F-00007,10,29485.25,2026-03-13
61,F-00061,2,37500.00,2026-03-15
8,F-00008,2,22938.00,2026-03-15
40,F-00040,5,3115.86,2026-02-21
9,F-00009,2,25852.82,2026-03-11
10,F-00010,3,15354.55,2026-03-11
11,F-00011,2,10956.88,2026-03-18
41,F-00041,1,21636.30,2026-02-19
12,F-00012,10,35907.49,2026-02-23
13,F-00013,7,48999.69,2026-03-03
14,F-00014,9,32610.56,2026-03-02
42,F-00042,9,13211.99,2026-02-23
15,F-00015,10,29247.39,2026-03-08
16,F-00016,8,15053.07,2026-03-18
62,F-00062,7,22368.32,2026-02-28
17,F-00017,6,15372.75,2026-02-18
43,F-00043,3,11420.96,2026-02-24
18,F-00018,2,9933.74,2026-02-25
19,F-00019,7,12937.10,2026-03-19
20,F-00020,6,9549.69,2026-02-27
21,F-00021,6,18745.14,2026-03-03
22,F-00022,9,7749.22,2026-02-26
23,F-00023,7,619.28,2026-02-20
45,F-00045,3,15141.33,2026-03-12
24,F-00024,9,4617.67,2026-02-25
25,F-00025,3,53224.54,2026-03-05
63,F-00063,6,12387.39,2026-03-14
26,F-00026,8,42912.95,2026-03-06
46,F-00046,9,14226.16,2026-03-07
27,F-00027,6,17288.40,2026-03-17
28,F-00028,5,21459.38,2026-03-05
29,F-00029,4,5005.06,2026-03-02
47,F-00047,10,2199.40,2026-03-14
30,F-00030,3,2725.48,2026-03-14
32,F-00032,3,33589.32,2026-02-22
48,F-00048,6,59094.58,2026-03-10
33,F-00033,4,28198.39,2026-03-11
34,F-00034,9,15148.38,2026-02-27
64,F-00064,5,12281.88,2026-03-16
35,F-00035,3,25634.31,2026-03-08
49,F-00049,5,32363.03,2026-03-13
36,F-00036,1,2866.83,2026-02-25
37,F-00037,3,32314.64,2026-03-03
50,F-00050,1,16427.56,2026-03-17
65,F-00065,7,15714.16,2026-03-02
51,F-00051,4,24943.28,2026-03-17
52,F-00052,6,32058.43,2026-02-21
53,F-00053,2,31480.64,2026-03-04
66,F-00066,2,23238.64,2026-02-22
54,F-00054,5,16741.31,2026-02-24
55,F-00055,7,5798.69,2026-03-10
98,F-00098,2,3732.84,2026-03-13
56,F-00056,5,11039.59,2026-03-09
67,F-00067,1,2464.96,2026-02-20
58,F-00058,6,6113.48,2026-03-19
78,F-00078,1,13546.42,2026-02-28
59,F-00059,3,4269.78,2026-03-09
68,F-00068,2,24796.29,2026-03-19
60,F-00060,6,2003.74,2026-03-01
69,F-00069,4,7212.85,2026-02-22
86,F-00086,4,3875.80,2026-03-03
70,F-00070,9,21243.61,2026-02-21
79,F-00079,7,5811.72,2026-03-01
71,F-00071,10,5149.84,2026-03-11
72,F-00072,2,15366.52,2026-03-02
73,F-00073,1,36965.00,2026-03-04
80,F-00080,1,23779.73,2026-03-04
74,F-00074,1,29307.23,2026-03-02
75,F-00075,2,20783.63,2026-03-15
92,F-00092,3,7478.06,2026-03-03
81,F-00081,8,29821.40,2026-03-02
82,F-00082,6,1330.98,2026-03-12
83,F-00083,1,27336.97,2026-02-20
84,F-00084,1,24892.45,2026-02-25
96,F-00096,9,6654.90,2026-03-15
88,F-00088,6,27575.21,2026-02-26
93,F-00093,7,18773.40,2026-02-27
89,F-00089,1,9389.16,2026-03-15
90,F-00090,1,11330.85,2026-03-06
91,F-00091,2,2713.83,2026-02-27
94,F-00094,10,33104.89,2026-03-06
95,F-00095,2,20319.63,2026-02-21
97,F-00097,6,35621.51,2026-03-08
99,F-00099,10,19519.68,2026-03-02
101,F-00101,3,23621.46,2026-03-05
102,F-00102,10,970.18,2026-03-04
103,F-00103,4,30000.00,2026-03-12
104,F-00104,7,36655.22,2026-03-11
105,F-00105,8,7881.96,2026-03-06
106,F-00106,7,25435.04,2026-03-11
107,F-00107,3,10478.42,2026-02-22
108,F-00108,9,8762.12,2026-03-14
109,F-00109,6,59272.52,2026-02-28
110,F-00110,5,11084.28,2026-03-05
111,F-00111,1,21298.77,2026-02-26
1003,F-01003,49,23405.04,2026-03-09
2,F-002,2,3833.34,2026-05-19
38,F-00038,2,21056.88,2026-02-19
113,F-00113,9,2393.25,2026-03-08
149,F-00149,10,7235.67,2026-02-27
114,F-00114,5,22178.88,2026-03-03
115,F-00115,7,6598.20,2026-03-14
172,F-00172,3,27975.51,2026-02-21
150,F-00150,3,17607.97,2026-02-21
117,F-00117,5,23121.51,2026-03-19
118,F-00118,8,30582.17,2026-02-24
119,F-00119,6,15026.00,2026-03-05
151,F-00151,6,3902.41,2026-02-26
120,F-00120,6,15108.18,2026-03-12
121,F-00121,5,34615.81,2026-03-14
187,F-00187,10,51316.37,2026-03-03
122,F-00122,3,38735.82,2026-03-19
152,F-00152,10,12089.13,2026-03-19
124,F-00124,1,32777.65,2026-03-19
173,F-00173,9,4823.78,2026-03-10
125,F-00125,2,3349.38,2026-02-26
153,F-00153,2,11802.45,2026-03-19
126,F-00126,6,3875.80,2026-02-20
127,F-00127,10,14969.03,2026-02-21
128,F-00128,7,47024.52,2026-03-13
154,F-00154,6,18884.02,2026-02-27
129,F-00129,3,12177.34,2026-03-03
130,F-00130,10,9576.79,2026-02-19
131,F-00131,6,11921.26,2026-03-13
155,F-00155,5,2969.13,2026-03-17
132,F-00132,4,7245.84,2026-03-03
133,F-00133,1,28287.90,2026-03-11
134,F-00134,8,20749.82,2026-03-02
156,F-00156,1,10982.78,2026-03-09
135,F-00135,4,7274.37,2026-02-24
136,F-00136,1,850.00,2026-03-18
137,F-00137,7,41250.08,2026-02-20
157,F-00157,3,7548.06,2026-03-13
138,F-00138,5,7160.22,2026-02-25
139,F-00139,4,45271.61,2026-03-01
197,F-00197,7,14826.52,2026-02-20
140,F-00140,2,21802.77,2026-03-02
158,F-00158,2,17186.31,2026-02-19
141,F-00141,3,36578.94,2026-03-01
175,F-00175,2,18871.40,2026-03-01
143,F-00143,10,23509.89,2026-03-08
159,F-00159,5,9074.58,2026-03-18
144,F-00144,8,29982.87,2026-02-22
145,F-00145,5,41226.33,2026-03-13
146,F-00146,3,32848.58,2026-02-23
160,F-00160,2,35480.19,2026-03-07
147,F-00147,2,924.00,2026-03-11
148,F-00148,3,28294.98,2026-02-25
188,F-00188,9,11287.83,2026-03-10
176,F-00176,7,32169.50,2026-03-03
162,F-00162,10,39639.49,2026-03-10
163,F-00163,9,7015.59,2026-03-17
164,F-00164,3,25663.61,2026-03-01
177,F-00177,8,9910.50,2026-03-05
165,F-00165,7,1209.98,2026-03-19
166,F-00166,4,13555.48,2026-03-17
167,F-00167,10,13817.80,2026-03-18
178,F-00178,10,2220.39,2026-02-18
168,F-00168,8,6728.01,2026-02-21
169,F-00169,1,8907.39,2026-02-19
189,F-00189,6,14536.97,2026-03-12
170,F-00170,9,22795.77,2026-02-25
179,F-00179,2,56836.66,2026-03-17
180,F-00180,4,16687.79,2026-03-13
181,F-00181,7,10674.81,2026-03-18
190,F-00190,10,886.52,2026-03-11
182,F-00182,4,26661.65,2026-02-26
183,F-00183,10,59709.17,2026-03-03
198,F-00198,1,39660.86,2026-03-03
184,F-00184,6,40362.23,2026-03-14
191,F-00191,5,10135.00,2026-03-02
185,F-00185,1,52589.81,2026-03-07
186,F-00186,4,12809.34,2026-02-19
207,F-00207,4,50405.79,2026-04-10
193,F-00193,6,22998.56,2026-03-10
199,F-00199,7,2969.13,2026-02-25
194,F-00194,2,17881.89,2026-03-08
195,F-00195,4,20684.39,2026-02-20
204,F-00204,3,27020.42,2026-03-20
196,F-00196,2,23121.51,2026-03-11
200,F-00200,5,10079.42,2026-03-08
201,F-00201,10,5194.64,2026-03-05
202,F-00202,3,6049.72,2026-02-22
205,F-00205,8,14088.91,2026-03-22
208,F-00208,9,8642.92,2026-03-28
210,F-00210,7,33434.67,2026-04-11
209,F-00209,8,13774.94,2026-04-01
212,F-00212,9,16606.11,2026-04-10
211,F-00211,4,18894.36,2026-04-14
213,F-00213,6,22500.10,2026-03-28
214,F-00214,10,28862.71,2026-03-31
215,F-00215,3,6666.14,2026-03-30
216,F-00216,2,2502.53,2026-03-24
217,F-00217,8,15020.27,2026-03-27
218,F-00218,10,48562.62,2026-04-07
219,F-00219,9,3830.95,2026-03-24
221,F-00221,2,48018.96,2026-03-25
222,F-00222,5,21737.52,2026-03-27
223,F-00223,10,5974.42,2026-04-06
224,F-00224,5,17730.10,2026-04-04
203,F-00203,5,11330.85,2026-04-06
225,F-00225,8,12121.12,2026-04-02
261,F-00261,5,22193.53,2026-04-08
227,F-00227,5,34935.97,2026-03-29
284,F-00284,9,6011.22,2026-03-25
228,F-00228,2,15603.36,2026-04-10
262,F-00262,3,31601.02,2026-04-02
229,F-00229,5,33355.78,2026-04-04
230,F-00230,2,45118.35,2026-04-14
231,F-00231,8,17205.47,2026-03-25
263,F-00263,4,27670.27,2026-04-03
232,F-00232,4,16770.75,2026-04-05
233,F-00233,9,7157.70,2026-04-07
299,F-00299,2,9818.52,2026-03-20
264,F-00264,2,14217.84,2026-04-06
235,F-00235,1,12059.80,2026-04-16
236,F-00236,10,56182.48,2026-04-07
285,F-00285,3,14504.52,2026-04-16
237,F-00237,3,5067.50,2026-04-11
265,F-00265,4,19228.75,2026-04-12
238,F-00238,6,13768.18,2026-03-30
239,F-00239,10,48417.77,2026-03-28
240,F-00240,7,29363.57,2026-04-17
266,F-00266,2,9083.49,2026-04-15
242,F-00242,5,7679.46,2026-04-17
243,F-00243,10,53817.87,2026-04-07
267,F-00267,6,44450.90,2026-03-23
244,F-00244,4,37136.76,2026-03-31
245,F-00245,2,4917.86,2026-04-16
286,F-00286,5,26252.70,2026-04-06
246,F-00246,1,17163.62,2026-04-12
268,F-00268,10,21839.19,2026-03-23
247,F-00247,8,24300.58,2026-04-08
248,F-00248,8,16087.26,2026-03-30
269,F-00269,7,14491.68,2026-04-16
250,F-00250,9,21506.22,2026-04-08
251,F-00251,5,29422.80,2026-04-12
309,F-00309,3,11623.44,2026-04-13
252,F-00252,7,16493.82,2026-04-05
270,F-00270,7,11552.57,2026-04-03
253,F-00253,8,8646.45,2026-04-14
254,F-00254,5,30024.79,2026-04-12
287,F-00287,10,28991.98,2026-04-01
271,F-00271,4,12639.63,2026-04-05
256,F-00256,2,8966.58,2026-03-24
257,F-00257,9,31196.37,2026-03-24
258,F-00258,4,12856.08,2026-04-13
272,F-00272,4,24826.90,2026-04-10
259,F-00259,3,26896.75,2026-03-23
260,F-00260,1,13351.00,2026-04-08
300,F-00300,8,10938.78,2026-03-20
273,F-00273,6,47745.83,2026-04-03
288,F-00288,6,16359.63,2026-03-28
274,F-00274,5,4440.78,2026-03-31
275,F-00275,8,4152.03,2026-04-08
289,F-00289,4,10821.38,2026-04-08
277,F-00277,6,7154.37,2026-04-16
278,F-00278,5,14885.06,2026-03-29
279,F-00279,7,29637.79,2026-03-28
290,F-00290,8,14083.74,2026-03-30
280,F-00280,1,7283.53,2026-04-02
281,F-00281,4,27441.45,2026-03-25
301,F-00301,3,8306.99,2026-03-25
282,F-00282,10,28578.70,2026-03-29
291,F-00291,5,2028.34,2026-03-25
283,F-00283,4,30857.91,2026-03-20
292,F-00292,7,18496.37,2026-04-12
302,F-00302,7,25011.72,2026-04-01
294,F-00294,3,4677.06,2026-03-22
295,F-00295,5,16376.60,2026-03-20
310,F-00310,3,12169.08,2026-04-01
296,F-00296,8,23939.95,2026-03-30
303,F-00303,4,20540.12,2026-04-01
297,F-00297,4,8098.19,2026-04-18
298,F-00298,6,1857.84,2026-04-01
304,F-00304,10,11890.42,2026-04-15
319,F-00319,1,43371.93,2026-03-31
305,F-00305,9,35497.63,2026-04-15
306,F-00306,5,34158.98,2026-03-31
307,F-00307,8,30989.89,2026-04-02
316,F-00316,3,29149.78,2026-04-02
308,F-00308,7,54131.80,2026-04-18
312,F-00312,8,3855.71,2026-04-18
313,F-00313,3,30395.58,2026-04-01
314,F-00314,3,12217.02,2026-04-16
317,F-00317,3,28482.73,2026-03-26
320,F-00320,9,32165.80,2026-03-26
318,F-00318,3,24394.00,2026-04-09
321,F-00321,8,8928.12,2026-03-31
324,F-00324,3,43079.03,2026-03-28
323,F-00323,9,20521.63,2026-03-29
325,F-00325,9,4029.71,2026-04-02
326,F-00326,6,8298.42,2026-04-03
327,F-00327,2,3774.03,2026-04-16
328,F-00328,7,16582.28,2026-03-24
329,F-00329,9,14814.61,2026-04-13
330,F-00330,2,4015.09,2026-04-12
331,F-00331,4,4290.03,2026-04-06
332,F-00332,5,33579.03,2026-04-15
333,F-00333,8,13719.28,2026-03-25
334,F-00334,5,19036.72,2026-04-17
335,F-00335,9,9884.64,2026-03-30
336,F-00336,3,7729.46,2026-04-13
315,F-00315,7,23783.96,2026-03-24
337,F-00337,4,6113.48,2026-04-15
373,F-00373,2,39692.13,2026-03-25
338,F-00338,7,18885.96,2026-04-12
339,F-00339,3,18877.95,2026-04-14
396,F-00396,3,6011.22,2026-03-20
340,F-00340,3,9597.47,2026-04-05
341,F-00341,6,3739.06,2026-04-14
342,F-00342,6,29122.44,2026-03-24
343,F-00343,8,46516.73,2026-04-09
375,F-00375,1,22269.50,2026-04-08
344,F-00344,4,17902.02,2026-03-23
345,F-00345,10,20787.45,2026-03-24
411,F-00411,2,40280.82,2026-03-29
346,F-00346,7,3115.86,2026-03-22
376,F-00376,4,15392.46,2026-03-26
347,F-00347,3,10018.02,2026-04-05
348,F-00348,6,1455.27,2026-03-23
397,F-00397,3,3511.96,2026-03-23
377,F-00377,6,7274.37,2026-04-14
350,F-00350,7,13212.50,2026-04-03
351,F-00351,10,19019.63,2026-04-17
352,F-00352,8,6329.62,2026-03-26
378,F-00378,2,23738.98,2026-03-25
353,F-00353,5,24850.91,2026-03-24
354,F-00354,10,32987.16,2026-03-30
355,F-00355,10,18129.32,2026-04-12
379,F-00379,10,18152.85,2026-04-11
356,F-00356,10,45670.17,2026-04-14
398,F-00398,3,5380.76,2026-04-13
358,F-00358,1,13454.76,2026-04-09
380,F-00380,5,45854.33,2026-03-29
359,F-00359,6,34573.22,2026-03-27
360,F-00360,5,19683.36,2026-04-14
361,F-00361,4,26077.93,2026-03-25
381,F-00381,10,13810.26,2026-04-02
362,F-00362,3,33768.89,2026-04-16
363,F-00363,8,35791.06,2026-04-14
421,F-00421,10,5149.84,2026-04-15
364,F-00364,6,3578.85,2026-04-09
365,F-00365,8,9840.66,2026-03-31
366,F-00366,2,27422.37,2026-03-28
399,F-00399,8,18732.63,2026-04-12
367,F-00367,8,13162.53,2026-03-25
383,F-00383,1,16787.64,2026-04-15
368,F-00368,1,1295.89,2026-04-01
369,F-00369,3,14680.10,2026-04-08
370,F-00370,8,6966.87,2026-04-09
384,F-00384,8,46994.13,2026-04-01
371,F-00371,6,21349.92,2026-04-03
372,F-00372,9,15603.36,2026-04-12
412,F-00412,5,7149.68,2026-04-18
385,F-00385,5,1295.89,2026-03-26
386,F-00386,7,23168.70,2026-04-10
387,F-00387,9,34286.43,2026-04-03
388,F-00388,9,18411.95,2026-03-22
401,F-00401,5,12825.75,2026-04-07
389,F-00389,2,5194.64,2026-04-12
390,F-00390,5,26618.21,2026-04-17
391,F-00391,9,29134.54,2026-04-15
402,F-00402,1,23956.31,2026-03-31
392,F-00392,9,30626.77,2026-03-20
413,F-00413,2,24144.69,2026-04-02
394,F-00394,1,40326.45,2026-04-03
403,F-00403,6,20944.00,2026-03-29
395,F-00395,2,5319.30,2026-04-10
404,F-00404,3,22695.36,2026-04-04
405,F-00405,10,32000.86,2026-04-16
414,F-00414,3,26986.35,2026-04-02
406,F-00406,10,16025.47,2026-04-12
407,F-00407,7,19151.18,2026-03-30
422,F-00422,8,35704.54,2026-03-25
415,F-00415,9,24835.20,2026-03-25
409,F-00409,2,5239.21,2026-04-15
410,F-00410,4,36884.09,2026-04-13
416,F-00416,1,27757.70,2026-04-08
431,F-00431,8,26952.91,2026-03-24
417,F-00417,2,12688.43,2026-04-07
423,F-00423,2,21035.19,2026-04-03
418,F-00418,7,11162.82,2026-04-06
419,F-00419,5,15238.63,2026-04-10
428,F-00428,1,6225.78,2026-03-21
424,F-00424,1,17040.86,2026-04-15
425,F-00425,7,16680.39,2026-03-29
426,F-00426,7,54871.40,2026-04-09
1004,F-01004,28,10524.54,2026-03-15
429,F-00429,5,32190.33,2026-04-11
432,F-00432,7,7154.37,2026-03-28
430,F-00430,5,18002.52,2026-03-29
434,F-00434,9,17986.67,2026-04-02
433,F-00433,2,26922.51,2026-03-24
436,F-00436,9,19946.32,2026-04-10
435,F-00435,9,1209.98,2026-04-10
438,F-00438,6,35290.90,2026-03-22
439,F-00439,2,26627.93,2026-04-14
440,F-00440,6,16239.31,2026-03-24
441,F-00441,10,23669.63,2026-03-25
442,F-00442,10,48356.18,2026-04-05
443,F-00443,10,6295.32,2026-04-15
444,F-00444,6,24450.83,2026-04-01
445,F-00445,1,20345.24,2026-03-24
446,F-00446,1,10922.39,2026-04-05
448,F-00448,9,23475.62,2026-04-07
449,F-00449,10,2028.34,2026-03-21
485,F-00485,5,18968.39,2026-04-02
450,F-00450,3,20576.00,2026-03-26
451,F-00451,4,16108.79,2026-03-30
508,F-00508,4,6066.59,2026-05-16
486,F-00486,8,16534.12,2026-04-02
453,F-00453,5,10135.00,2026-04-18
454,F-00454,7,18520.98,2026-03-21
455,F-00455,2,63318.49,2026-03-27
487,F-00487,8,22028.64,2026-04-08
456,F-00456,9,22280.74,2026-03-20
457,F-00457,7,6173.66,2026-04-08
523,F-00523,10,13496.26,2026-04-19
458,F-00458,7,629.58,2026-04-01
488,F-00488,10,8454.01,2026-04-10
459,F-00459,5,142.22,2026-04-14
460,F-00460,10,8276.82,2026-04-15
509,F-00509,9,49009.38,2026-05-02
461,F-00461,1,7478.06,2026-03-30
489,F-00489,5,5977.72,2026-04-10
462,F-00462,4,20518.64,2026-03-31
463,F-00463,7,5743.16,2026-04-05
490,F-00490,4,4802.94,2026-04-07
465,F-00465,4,9719.82,2026-04-17
466,F-00466,2,18042.27,2026-03-25
467,F-00467,10,22154.92,2026-04-06
491,F-00491,8,6085.02,2026-04-16
468,F-00468,3,13961.86,2026-03-20
469,F-00469,9,16580.74,2026-03-29
510,F-00510,8,20817.78,2026-05-09
470,F-00470,4,15593.95,2026-03-21
492,F-00492,4,27446.79,2026-04-07
471,F-00471,7,26877.48,2026-03-20
473,F-00473,10,19642.25,2026-04-05
493,F-00493,3,17442.99,2026-03-31
474,F-00474,10,17547.30,2026-04-15
475,F-00475,6,28132.86,2026-04-11
533,F-00533,4,18250.88,2026-04-29
476,F-00476,4,23863.21,2026-03-30
494,F-00494,3,29559.61,2026-03-30
477,F-00477,2,16478.01,2026-03-30
478,F-00478,5,3153.12,2026-03-20
479,F-00479,10,6108.51,2026-03-21
495,F-00495,7,25381.77,2026-03-26
480,F-00480,2,18949.55,2026-03-24
481,F-00481,4,29466.13,2026-04-07
482,F-00482,3,15634.67,2026-04-11
496,F-00496,9,37741.43,2026-03-21
483,F-00483,8,15865.29,2026-03-20
484,F-00484,8,26865.59,2026-04-11
524,F-00524,8,21301.28,2026-04-22
512,F-00512,5,23284.83,2026-05-15
498,F-00498,10,28269.66,2026-03-24
499,F-00499,3,4014.49,2026-03-24
500,F-00500,7,17253.22,2026-03-27
513,F-00513,1,29417.70,2026-05-11
501,F-00501,8,20181.79,2026-03-27
502,F-00502,2,20874.08,2026-04-13
503,F-00503,8,44599.57,2026-05-15
514,F-00514,3,11120.23,2026-05-02
505,F-00505,3,19743.55,2026-05-10
525,F-00525,7,71.11,2026-04-30
506,F-00506,6,22934.14,2026-04-30
515,F-00515,6,3774.03,2026-05-17
507,F-00507,5,24769.67,2026-04-22
516,F-00516,7,7376.79,2026-05-09
517,F-00517,3,9671.03,2026-04-19
526,F-00526,7,13340.30,2026-05-17
518,F-00518,7,13727.80,2026-05-01
519,F-00519,1,3582.70,2026-04-20
534,F-00534,3,30780.65,2026-04-22
520,F-00520,5,3052.91,2026-05-12
527,F-00527,10,10230.26,2026-05-13
521,F-00521,5,39182.62,2026-05-04
528,F-00528,8,32752.64,2026-05-10
543,F-00543,1,16402.31,2026-05-10
529,F-00529,4,22827.18,2026-04-29
535,F-00535,1,8353.18,2026-04-28
530,F-00530,1,21417.81,2026-04-21
531,F-00531,10,7149.68,2026-05-16
540,F-00540,2,52951.11,2026-04-19
532,F-00532,9,22620.29,2026-05-16
536,F-00536,10,63434.68,2026-04-28
537,F-00537,3,9811.06,2026-05-03
538,F-00538,2,15874.00,2026-05-14
541,F-00541,2,18943.02,2026-04-25
542,F-00542,5,28907.17,2026-05-06
546,F-00546,10,10072.12,2026-05-04
545,F-00545,2,2988.86,2026-04-30
548,F-00548,3,20401.29,2026-04-29
547,F-00547,3,12001.60,2026-04-23
549,F-00549,1,35173.62,2026-05-08
550,F-00550,7,10553.62,2026-05-07
551,F-00551,2,15433.31,2026-04-28
552,F-00552,9,12188.90,2026-05-14
553,F-00553,1,3310.12,2026-04-27
555,F-00555,3,884.76,2026-05-15
556,F-00556,5,12415.23,2026-05-10
557,F-00557,5,18879.79,2026-05-08
558,F-00558,7,2871.58,2026-04-30
559,F-00559,10,7334.91,2026-05-05
560,F-00560,1,5800.00,2026-05-11
539,F-00539,4,15761.38,2026-05-10
561,F-00561,4,29876.30,2026-05-12
597,F-00597,3,5479.27,2026-05-01
562,F-00562,3,56846.81,2026-05-11
620,F-00620,4,15480.45,2026-05-13
564,F-00564,5,49337.32,2026-05-18
598,F-00598,1,1051.04,2026-05-01
565,F-00565,6,33530.73,2026-05-09
566,F-00566,10,18325.69,2026-04-24
567,F-00567,1,15037.70,2026-05-11
599,F-00599,2,37313.26,2026-05-08
568,F-00568,7,22779.16,2026-04-23
569,F-00569,4,21449.04,2026-05-07
635,F-00635,7,6687.36,2026-04-19
600,F-00600,2,12323.48,2026-05-14
571,F-00571,4,20663.04,2026-05-07
572,F-00572,1,292.36,2026-05-04
621,F-00621,8,2078.53,2026-04-23
573,F-00573,6,25357.12,2026-05-05
601,F-00601,2,6879.36,2026-05-15
574,F-00574,9,5727.58,2026-05-16
575,F-00575,10,11921.26,2026-05-12
576,F-00576,9,44287.76,2026-05-02
602,F-00602,2,2322.29,2026-04-29
577,F-00577,7,7550.86,2026-04-25
578,F-00578,10,15668.30,2026-04-25
579,F-00579,4,26561.39,2026-05-07
603,F-00603,7,11892.85,2026-05-04
581,F-00581,6,28215.26,2026-05-16
622,F-00622,2,8723.92,2026-04-28
582,F-00582,6,18152.68,2026-05-05
604,F-00604,3,33141.95,2026-05-14
583,F-00583,3,17472.10,2026-05-17
584,F-00584,10,16058.19,2026-04-23
585,F-00585,2,25760.83,2026-04-28
605,F-00605,8,24011.22,2026-05-02
586,F-00586,8,34770.18,2026-04-25
645,F-00645,7,19743.84,2026-05-15
588,F-00588,3,29099.56,2026-05-07
606,F-00606,6,30640.52,2026-05-10
589,F-00589,2,18591.86,2026-04-19
590,F-00590,5,23234.07,2026-05-18
623,F-00623,4,4513.97,2026-05-06
591,F-00591,9,37356.93,2026-05-13
607,F-00607,1,17950.68,2026-05-05
592,F-00592,3,30521.77,2026-04-21
594,F-00594,7,5727.58,2026-05-05
608,F-00608,8,28415.24,2026-04-29
595,F-00595,10,31030.24,2026-04-25
596,F-00596,8,18772.59,2026-05-15
636,F-00636,3,23912.81,2026-04-24
609,F-00609,9,15824.81,2026-05-17
624,F-00624,8,16334.80,2026-05-09
610,F-00610,7,31740.92,2026-05-01
611,F-00611,4,36993.33,2026-05-18
625,F-00625,5,24829.59,2026-04-21
613,F-00613,2,5764.30,2026-04-27
614,F-00614,4,5743.16,2026-04-22
615,F-00615,5,14890.34,2026-04-28
626,F-00626,5,29891.36,2026-05-01
616,F-00616,7,76328.60,2026-04-29
617,F-00617,1,28704.88,2026-04-21
637,F-00637,8,39573.86,2026-04-23
618,F-00618,4,37833.58,2026-05-02
627,F-00627,8,8966.58,2026-05-05
619,F-00619,10,6084.54,2026-04-24
628,F-00628,4,14366.44,2026-04-24
638,F-00638,8,2871.00,2026-05-08
630,F-00630,3,1455.27,2026-05-06
631,F-00631,5,48441.59,2026-05-15
646,F-00646,2,8012.16,2026-05-06
632,F-00632,6,25616.50,2026-05-01
639,F-00639,9,26326.55,2026-05-08
633,F-00633,10,13562.64,2026-05-13
634,F-00634,2,28700.13,2026-05-01
640,F-00640,9,17184.81,2026-04-30
655,F-00655,4,17563.35,2026-05-05
641,F-00641,10,26158.89,2026-05-04
642,F-00642,2,12695.81,2026-04-20
643,F-00643,3,2969.13,2026-05-14
652,F-00652,1,14424.20,2026-05-13
644,F-00644,1,34442.49,2026-04-27
648,F-00648,5,8058.19,2026-04-21
649,F-00649,10,15777.49,2026-05-17
650,F-00650,6,19331.25,2026-04-29
653,F-00653,6,23722.95,2026-05-01
656,F-00656,6,9875.61,2026-05-06
654,F-00654,5,26980.07,2026-04-21
658,F-00658,1,41932.84,2026-04-29
660,F-00660,3,21254.71,2026-04-24
659,F-00659,3,9583.64,2026-05-01
661,F-00661,6,5830.47,2026-05-17
662,F-00662,8,12001.60,2026-05-06
663,F-00663,1,35362.39,2026-04-29
664,F-00664,10,22053.64,2026-05-17
665,F-00665,1,15559.29,2026-04-29
666,F-00666,9,23405.04,2026-04-19
667,F-00667,9,11100.13,2026-05-04
668,F-00668,5,7511.69,2026-04-22
669,F-00669,3,6173.66,2026-04-30
670,F-00670,4,10033.19,2026-04-20
671,F-00671,7,4407.30,2026-04-29
672,F-00672,1,4218.89,2026-04-25
651,F-00651,7,13999.79,2026-04-24
673,F-00673,7,1700.00,2026-05-18
709,F-00709,4,63620.42,2026-05-07
674,F-00674,4,33981.59,2026-05-01
675,F-00675,6,5036.06,2026-04-19
732,F-00732,6,38488.17,2026-05-17
710,F-00710,8,4543.20,2026-04-28
677,F-00677,9,12870.09,2026-05-02
678,F-00678,10,4917.86,2026-04-26
679,F-00679,9,22335.21,2026-05-06
711,F-00711,10,16061.82,2026-05-03
680,F-00680,3,23168.18,2026-05-08
681,F-00681,4,42320.45,2026-05-18
747,F-00747,9,5164.09,2026-05-17
682,F-00682,9,13588.33,2026-04-22
712,F-00712,8,9040.07,2026-04-29
683,F-00683,1,27170.93,2026-05-05
684,F-00684,8,11525.60,2026-04-24
685,F-00685,3,924.00,2026-05-10
713,F-00713,10,36162.95,2026-04-26
686,F-00686,8,18340.44,2026-04-27
687,F-00687,3,5960.63,2026-04-25
688,F-00688,4,18524.41,2026-04-20
714,F-00714,4,25205.40,2026-04-24
689,F-00689,2,25579.83,2026-04-26
690,F-00690,4,3153.12,2026-05-03
691,F-00691,7,20081.89,2026-04-28
715,F-00715,6,26830.88,2026-05-10
692,F-00692,2,32940.70,2026-04-22
734,F-00734,5,8083.76,2026-05-08
694,F-00694,4,7568.95,2026-05-16
716,F-00716,7,6827.72,2026-04-24
695,F-00695,8,36672.56,2026-05-15
696,F-00696,1,15559.02,2026-05-07
697,F-00697,10,33814.74,2026-05-10
717,F-00717,8,15652.71,2026-04-21
698,F-00698,8,29131.70,2026-05-18
699,F-00699,9,32002.66,2026-05-04
757,F-00757,7,9647.53,2026-05-13
700,F-00700,4,28565.91,2026-05-18
718,F-00718,5,48072.80,2026-04-27
701,F-00701,5,1455.27,2026-05-08
735,F-00735,6,14514.51,2026-05-04
703,F-00703,4,14240.22,2026-04-21
719,F-00719,10,36466.21,2026-05-06
704,F-00704,9,33873.89,2026-05-12
705,F-00705,5,15842.52,2026-05-13
706,F-00706,2,40855.05,2026-05-09
720,F-00720,8,6879.36,2026-04-25
707,F-00707,9,5239.21,2026-05-10
708,F-00708,9,16347.21,2026-04-23
748,F-00748,4,5960.63,2026-04-27
721,F-00721,2,18685.09,2026-04-26
722,F-00722,9,629.58,2026-05-13
723,F-00723,8,8548.07,2026-04-27
724,F-00724,4,18267.22,2026-05-09
737,F-00737,3,19021.32,2026-05-06
725,F-00725,2,30990.45,2026-04-27
726,F-00726,7,11853.23,2026-05-01
727,F-00727,2,17346.82,2026-05-17
738,F-00738,1,44867.42,2026-04-27
728,F-00728,9,1869.53,2026-05-07
729,F-00729,7,11492.85,2026-04-21
749,F-00749,9,26486.82,2026-04-23
739,F-00739,6,3833.34,2026-05-04
731,F-00731,2,21440.43,2026-05-03
740,F-00740,3,3551.63,2026-05-09
741,F-00741,2,21223.65,2026-04-27
750,F-00750,8,25372.31,2026-05-15
742,F-00742,10,6797.51,2026-05-07
743,F-00743,9,19887.51,2026-04-27
758,F-00758,3,13097.34,2026-05-07
744,F-00744,8,20697.71,2026-04-19
751,F-00751,5,40585.20,2026-05-11
745,F-00745,5,1000.43,2026-04-21
746,F-00746,4,6174.42,2026-05-01
752,F-00752,5,43716.47,2026-05-02
753,F-00753,7,25960.10,2026-04-26
759,F-00759,8,20466.66,2026-05-11
754,F-00754,7,19974.65,2026-04-21
755,F-00755,1,6033.51,2026-05-04
764,F-00764,6,8285.03,2026-04-28
756,F-00756,9,24283.73,2026-05-13
760,F-00760,9,21135.77,2026-05-10
761,F-00761,6,21737.52,2026-05-17
762,F-00762,8,19675.85,2026-04-22
1005,F-01005,54,14053.31,2026-02-26
765,F-00765,3,271.61,2026-05-03
768,F-00768,1,8323.37,2026-05-01
766,F-00766,8,26014.77,2026-04-26
770,F-00770,10,4704.94,2026-04-30
769,F-00769,9,6094.45,2026-05-15
771,F-00771,2,5764.30,2026-05-13
773,F-00773,3,6879.36,2026-05-05
774,F-00774,2,11699.25,2026-04-25
775,F-00775,10,3890.80,2026-04-30
776,F-00776,9,15475.82,2026-04-30
777,F-00777,9,13622.79,2026-04-29
778,F-00778,7,13454.92,2026-05-02
779,F-00779,6,29036.16,2026-05-16
780,F-00780,3,27505.83,2026-04-19
781,F-00781,7,7314.23,2026-05-04
782,F-00782,1,1161.03,2026-05-11
783,F-00783,2,25524.01,2026-04-26
784,F-00784,10,32920.28,2026-04-21
785,F-00785,1,11235.28,2026-04-23
821,F-00821,1,6094.45,2026-05-18
786,F-00786,5,10821.38,2026-05-04
787,F-00787,9,6483.90,2026-05-03
844,F-00844,3,9879.38,2026-05-17
822,F-00822,2,3551.63,2026-05-09
789,F-00789,7,6687.36,2026-05-09
790,F-00790,1,2863.79,2026-04-30
791,F-00791,4,28601.65,2026-05-01
823,F-00823,3,14424.20,2026-05-13
792,F-00792,5,18244.46,2026-04-27
793,F-00793,9,14822.43,2026-04-22
859,F-00859,9,19409.75,2026-04-28
794,F-00794,4,24905.97,2026-05-03
824,F-00824,2,19145.43,2026-05-10
795,F-00795,9,6642.33,2026-05-01
796,F-00796,6,8613.06,2026-05-16
845,F-00845,7,31231.11,2026-05-18
825,F-00825,5,3629.94,2026-04-20
798,F-00798,4,6742.91,2026-05-06
799,F-00799,2,10969.78,2026-04-25
800,F-00800,10,2200.00,2026-05-05
826,F-00826,7,24468.21,2026-04-20
801,F-00801,10,14724.06,2026-05-07
802,F-00802,8,21983.55,2026-05-01
803,F-00803,7,24188.12,2026-04-20
827,F-00827,8,48826.53,2026-05-15
804,F-00804,7,25793.62,2026-04-27
805,F-00805,7,15449.52,2026-04-21
806,F-00806,10,16318.32,2026-04-29
828,F-00828,8,3331.74,2026-05-07
807,F-00807,9,27744.81,2026-04-27
808,F-00808,3,16478.01,2026-05-05
809,F-00809,2,17881.89,2026-05-06
829,F-00829,7,14714.41,2026-04-20
810,F-00810,7,38405.89,2026-05-05
811,F-00811,8,24644.35,2026-05-05
869,F-00869,6,41480.44,2026-04-24
830,F-00830,7,13135.74,2026-05-12
813,F-00813,7,36189.68,2026-04-22
814,F-00814,9,14242.98,2026-04-26
847,F-00847,8,10821.51,2026-05-02
815,F-00815,10,27858.28,2026-05-02
831,F-00831,2,7940.83,2026-05-15
816,F-00816,1,24796.29,2026-04-27
817,F-00817,5,25708.48,2026-05-08
818,F-00818,6,3349.38,2026-04-24
832,F-00832,9,7789.21,2026-05-12
819,F-00819,9,20148.53,2026-05-09
860,F-00860,5,13602.28,2026-04-19
833,F-00833,5,29741.80,2026-04-26
848,F-00848,5,12572.33,2026-05-01
834,F-00834,9,20003.39,2026-05-04
835,F-00835,10,24000.26,2026-05-14
836,F-00836,4,35385.51,2026-05-10
849,F-00849,4,23853.06,2026-05-14
837,F-00837,10,23015.70,2026-05-08
839,F-00839,10,26183.30,2026-04-24
850,F-00850,7,27982.61,2026-04-21
840,F-00840,1,17728.90,2026-05-08
841,F-00841,5,44776.40,2026-05-06
861,F-00861,9,28765.92,2026-04-21
842,F-00842,7,51293.16,2026-04-19
851,F-00851,4,38107.44,2026-04-29
843,F-00843,3,419.72,2026-05-06
852,F-00852,1,25803.02,2026-05-05
853,F-00853,10,4290.60,2026-05-08
854,F-00854,6,14312.07,2026-05-18
855,F-00855,4,18479.40,2026-04-21
870,F-00870,4,17305.81,2026-05-02
856,F-00856,5,30945.86,2026-05-16
863,F-00863,4,18634.17,2026-04-27
857,F-00857,2,11355.99,2026-05-13
858,F-00858,2,27216.04,2026-05-07
864,F-00864,3,142.22,2026-05-06
879,F-00879,3,32029.28,2026-05-17
865,F-00865,6,7274.73,2026-04-23
866,F-00866,3,5194.64,2026-04-28
867,F-00867,7,8539.56,2026-05-16
876,F-00876,7,15410.26,2026-05-15
868,F-00868,3,17802.15,2026-05-05
872,F-00872,5,11886.09,2026-05-03
873,F-00873,1,7179.75,2026-04-21
874,F-00874,6,7815.49,2026-05-09
877,F-00877,6,25233.78,2026-05-09
880,F-00880,2,40662.59,2026-04-24
878,F-00878,3,44393.58,2026-05-03
882,F-00882,2,11774.14,2026-04-24
881,F-00881,7,12856.08,2026-04-21
884,F-00884,3,9625.63,2026-05-15
885,F-00885,2,16864.72,2026-05-10
886,F-00886,1,13477.08,2026-04-21
887,F-00887,3,9496.74,2026-05-11
888,F-00888,5,6239.00,2026-05-14
889,F-00889,1,18296.22,2026-05-03
890,F-00890,3,18471.19,2026-05-12
891,F-00891,3,30250.02,2026-05-16
892,F-00892,8,20243.79,2026-04-23
893,F-00893,7,36166.43,2026-05-16
894,F-00894,10,2220.39,2026-04-21
895,F-00895,4,23732.88,2026-04-21
875,F-00875,7,17288.40,2026-04-23
897,F-00897,10,47007.48,2026-04-24
933,F-00933,6,14745.14,2026-04-29
898,F-00898,2,16921.54,2026-05-10
899,F-00899,7,32938.70,2026-05-13
956,F-00956,7,43416.33,2026-05-09
900,F-00900,4,22909.90,2026-04-26
934,F-00934,5,3461.00,2026-05-10
901,F-00901,1,6959.48,2026-05-16
902,F-00902,9,24767.63,2026-05-17
935,F-00935,2,14377.54,2026-05-08
904,F-00904,1,7019.29,2026-05-14
905,F-00905,1,22061.32,2026-05-13
971,F-00971,10,48117.89,2026-05-06
906,F-00906,6,12001.60,2026-05-03
936,F-00936,4,6830.92,2026-05-14
907,F-00907,3,20776.40,2026-05-18
908,F-00908,2,13833.80,2026-05-03
957,F-00957,1,17029.47,2026-04-27
909,F-00909,6,19434.61,2026-05-18
937,F-00937,7,7376.79,2026-05-15
911,F-00911,2,36925.85,2026-05-09
912,F-00912,6,6108.51,2026-05-12
938,F-00938,2,29735.76,2026-04-25
913,F-00913,2,6581.28,2026-05-14
914,F-00914,4,33760.73,2026-05-13
915,F-00915,2,39634.42,2026-05-11
939,F-00939,8,24853.84,2026-05-04
916,F-00916,10,19644.32,2026-04-23
917,F-00917,9,57151.54,2026-04-26
958,F-00958,5,25436.72,2026-04-19
940,F-00940,2,11802.52,2026-04-23
919,F-00919,4,2677.24,2026-04-21
920,F-00920,7,16680.39,2026-05-01
921,F-00921,4,25777.01,2026-04-22
941,F-00941,7,9074.58,2026-04-21
922,F-00922,7,3473.95,2026-05-04
923,F-00923,6,7661.90,2026-05-04
981,F-00981,3,31644.99,2026-05-03
924,F-00924,10,41963.84,2026-05-07
942,F-00942,6,21598.35,2026-05-15
925,F-00925,1,22598.33,2026-04-24
926,F-00926,3,26228.05,2026-04-19
927,F-00927,9,49338.03,2026-04-23
943,F-00943,3,27633.58,2026-05-15
928,F-00928,10,28059.52,2026-04-23
929,F-00929,2,17977.56,2026-05-06
930,F-00930,6,23141.04,2026-05-08
944,F-00944,1,28219.77,2026-05-02
931,F-00931,9,5164.09,2026-05-07
932,F-00932,5,53752.51,2026-04-21
972,F-00972,8,25699.65,2026-05-02
960,F-00960,2,19381.77,2026-04-27
946,F-00946,3,33001.08,2026-05-08
947,F-00947,8,15106.50,2026-05-16
948,F-00948,9,28392.20,2026-05-18
961,F-00961,5,19998.42,2026-04-19
949,F-00949,8,2028.34,2026-04-30
950,F-00950,2,11372.38,2026-04-25
951,F-00951,3,38481.75,2026-04-30
962,F-00962,10,19084.57,2026-05-13
952,F-00952,6,2871.58,2026-05-07
973,F-00973,9,6235.59,2026-04-23
954,F-00954,2,12001.60,2026-05-02
963,F-00963,1,20104.15,2026-05-01
955,F-00955,5,6108.51,2026-04-22
964,F-00964,2,7822.44,2026-04-24
965,F-00965,3,1560.16,2026-04-29
974,F-00974,4,33425.95,2026-04-30
966,F-00966,3,31471.32,2026-05-07
967,F-00967,6,27109.34,2026-05-16
982,F-00982,7,34855.57,2026-05-03
968,F-00968,7,29529.90,2026-05-02
975,F-00975,6,4756.45,2026-04-30
969,F-00969,8,49287.18,2026-04-28
970,F-00970,5,28205.00,2026-05-06
991,F-00991,9,6884.09,2026-04-24
977,F-00977,5,11565.22,2026-05-11
983,F-00983,2,25676.63,2026-05-09
978,F-00978,4,16640.86,2026-05-14
979,F-00979,1,34134.13,2026-05-16
988,F-00988,4,41969.99,2026-04-29
980,F-00980,8,3887.67,2026-05-08
984,F-00984,3,33953.53,2026-05-10
985,F-00985,8,15816.69,2026-05-18
986,F-00986,5,26615.62,2026-05-06
992,F-00992,1,40425.41,2026-04-27
990,F-00990,7,13946.23,2026-04-20
994,F-00994,5,23525.85,2026-05-02
993,F-00993,1,25654.51,2026-05-15
996,F-00996,9,6225.78,2026-05-02
995,F-00995,6,40401.63,2026-04-22
997,F-00997,10,26160.13,2026-04-23
998,F-00998,9,35198.49,2026-05-01
999,F-00999,7,20440.95,2026-04-21
1001,F-01001,2,19228.77,2026-04-22
1002,F-01002,7,20248.07,2026-04-28
1006,F-01006,17,34260.44,2026-03-03
1007,F-01007,7,271.61,2026-03-07
1008,F-01008,43,6234.05,2026-03-03
1009,F-01009,12,11330.85,2026-02-21
1010,F-01010,32,21942.69,2026-03-11
1114,F-01114,53,13402.28,2026-02-22
1012,F-01012,4,26959.43,2026-03-16
1013,F-01013,23,37290.26,2026-03-17
1090,F-01090,20,84433.85,2026-03-15
1014,F-01014,21,71.11,2026-03-11
1047,F-01047,10,8591.37,2026-02-24
1015,F-01015,36,5647.24,2026-03-05
1016,F-01016,48,19709.54,2026-02-22
1068,F-01068,35,29883.84,2026-03-18
1017,F-01017,34,1769.52,2026-02-21
1048,F-01048,59,36071.87,2026-03-17
1018,F-01018,43,10499.32,2026-03-02
1019,F-01019,18,26110.97,2026-03-10
1020,F-01020,15,2411.89,2026-03-14
1049,F-01049,4,19267.08,2026-03-02
1021,F-01021,52,10137.79,2026-03-14
1022,F-01022,50,7762.00,2026-03-04
1082,F-01082,50,17881.89,2026-03-12
1023,F-01023,60,26775.70,2026-03-15
1050,F-01050,51,24286.62,2026-02-24
1024,F-01024,27,17614.34,2026-03-17
1025,F-01025,53,13754.52,2026-02-28
1069,F-01069,37,22084.57,2026-02-23
1026,F-01026,49,12001.60,2026-03-18
1051,F-01051,28,33794.14,2026-03-18
1027,F-01027,35,11627.40,2026-03-14
1028,F-01028,56,35319.13,2026-03-01
1029,F-01029,29,25027.17,2026-03-12
1052,F-01052,28,46218.24,2026-03-09
1030,F-01030,17,7507.59,2026-03-06
1031,F-01031,1,33459.08,2026-03-08
1032,F-01032,33,26275.08,2026-03-07
1053,F-01053,9,8143.83,2026-03-09
1033,F-01033,38,19328.80,2026-02-27
1034,F-01034,20,15315.14,2026-02-28
1070,F-01070,20,12072.68,2026-03-15
1035,F-01035,7,15900.32,2026-02-20
1054,F-01054,4,18219.67,2026-03-03
1036,F-01036,12,41521.02,2026-03-05
1037,F-01037,3,17796.16,2026-02-25
1038,F-01038,21,14269.35,2026-03-03
1055,F-01055,50,24450.21,2026-03-15
1039,F-01039,22,14990.74,2026-02-23
1040,F-01040,17,15953.12,2026-03-17
1041,F-01041,34,40328.85,2026-02-21
1056,F-01056,49,38747.83,2026-02-25
1042,F-01042,60,6654.90,2026-02-26
1043,F-01043,19,8059.42,2026-03-04
1071,F-01071,39,22558.96,2026-03-18
1044,F-01044,11,4627.69,2026-03-19
1057,F-01057,54,12231.54,2026-03-05
1045,F-01045,8,16694.52,2026-02-28
1083,F-01083,51,12001.60,2026-03-02
1058,F-01058,46,18770.72,2026-03-08
1072,F-01072,30,20517.98,2026-03-05
1059,F-01059,3,23404.96,2026-03-14
1060,F-01060,57,11412.87,2026-02-24
1073,F-01073,56,3769.06,2026-03-19
1062,F-01062,1,629.58,2026-03-18
1063,F-01063,23,11639.73,2026-03-07
1102,F-01102,47,28481.74,2026-03-03
1064,F-01064,3,43364.43,2026-02-22
1074,F-01074,19,25616.58,2026-03-14
1065,F-01065,10,26966.86,2026-03-06
1066,F-01066,1,35058.27,2026-02-20
1084,F-01084,3,16850.36,2026-02-24
1067,F-01067,18,22072.54,2026-02-19
1075,F-01075,58,16436.30,2026-03-15
1076,F-01076,30,54005.22,2026-03-04
1091,F-01091,60,9074.58,2026-03-01
1077,F-01077,23,20348.64,2026-03-01
1085,F-01085,8,15827.79,2026-02-26
1078,F-01078,59,28742.68,2026-02-26
1079,F-01079,3,17207.67,2026-02-28
1080,F-01080,58,8176.44,2026-03-09
1086,F-01086,40,14299.36,2026-03-06
1081,F-01081,8,45030.06,2026-03-14
1096,F-01096,14,31022.39,2026-03-07
1087,F-01087,26,24366.02,2026-03-13
1092,F-01092,34,15799.81,2026-03-15
1088,F-01088,50,27165.49,2026-03-16
1089,F-01089,21,29517.62,2026-03-03
1099,F-01099,13,32715.85,2026-02-27
1093,F-01093,24,2158.31,2026-03-15
1097,F-01097,2,22490.37,2026-02-25
1094,F-01094,34,4332.23,2026-03-04
1095,F-01095,22,24242.45,2026-02-23
1098,F-01098,7,17804.24,2026-02-27
1101,F-01101,25,20808.40,2026-03-08
1100,F-01100,59,29514.36,2026-03-18
1103,F-01103,56,23528.27,2026-03-18
1104,F-01104,19,1295.93,2026-03-08
1011,F-01011,31,17734.56,2026-03-03
1105,F-01105,23,26296.33,2026-02-28
1106,F-01106,3,10593.18,2026-02-22
1107,F-01107,58,19366.50,2026-02-18
1108,F-01108,22,22461.48,2026-03-15
1109,F-01109,52,21344.89,2026-03-18
1110,F-01110,46,22971.32,2026-03-06
1111,F-01111,34,23909.85,2026-02-25
1112,F-01112,24,31870.90,2026-03-04
1113,F-01113,19,7666.68,2026-03-15
1046,F-01046,47,25000.00,2026-03-06
1115,F-01115,39,3972.84,2026-03-08
1150,F-01150,40,5938.26,2026-03-10
1116,F-01116,30,7868.30,2026-03-13
1117,F-01117,32,10282.04,2026-02-25
1118,F-01118,30,12188.90,2026-02-26
1151,F-01151,59,6209.51,2026-02-25
1119,F-01119,46,12455.34,2026-03-18
1120,F-01120,12,1455.27,2026-03-14
1193,F-01193,51,24494.32,2026-03-03
1121,F-01121,58,8726.89,2026-03-08
1152,F-01152,13,39829.12,2026-02-22
1122,F-01122,53,14002.45,2026-03-09
1123,F-01123,27,12140.32,2026-03-03
1172,F-01172,50,30000.00,2026-02-24
1124,F-01124,21,23839.92,2026-03-15
1153,F-01153,13,53300.83,2026-03-09
1125,F-01125,28,6295.32,2026-03-04
1126,F-01126,40,292.36,2026-03-06
1127,F-01127,42,7852.84,2026-02-19
1154,F-01154,2,62686.12,2026-03-05
1128,F-01128,27,5217.02,2026-02-24
1129,F-01129,7,33482.28,2026-03-07
1185,F-01185,42,2550.00,2026-03-09
1130,F-01130,7,16530.86,2026-03-05
1155,F-01155,24,12990.87,2026-03-18
1131,F-01131,9,17504.43,2026-03-14
1132,F-01132,36,10689.31,2026-03-09
1173,F-01173,51,26650.84,2026-02-25
1133,F-01133,59,36630.10,2026-03-16
1156,F-01156,29,59321.34,2026-03-13
1134,F-01134,4,12169.08,2026-02-24
1135,F-01135,10,38592.57,2026-03-03
1136,F-01136,11,5608.59,2026-02-19
1157,F-01157,53,29241.72,2026-02-19
1137,F-01137,22,71.11,2026-03-15
1138,F-01138,21,3934.15,2026-03-06
1139,F-01139,29,17907.67,2026-03-02
1158,F-01158,34,2158.31,2026-02-20
1140,F-01140,49,7976.28,2026-03-14
1141,F-01141,26,22386.60,2026-02-18
1174,F-01174,55,34580.88,2026-03-18
1142,F-01142,22,19451.70,2026-03-07
1159,F-01159,34,18504.10,2026-03-04
1143,F-01143,45,15077.32,2026-03-18
1144,F-01144,15,13231.50,2026-03-18
1145,F-01145,25,5608.59,2026-02-25
1160,F-01160,9,36532.32,2026-03-14
1146,F-01146,44,10322.56,2026-03-15
1147,F-01147,41,19998.42,2026-02-28
1148,F-01148,9,8793.34,2026-02-18
1161,F-01161,8,5762.80,2026-03-05
1149,F-01149,23,5239.21,2026-02-28
1175,F-01175,56,52540.10,2026-03-07
1162,F-01162,29,7179.75,2026-02-21
1163,F-01163,26,15346.21,2026-02-23
1186,F-01186,14,37531.83,2026-03-17
1164,F-01164,20,7757.57,2026-03-08
1176,F-01176,23,16866.99,2026-03-07
1165,F-01165,50,3887.67,2026-03-18
1166,F-01166,32,29416.56,2026-03-02
1167,F-01167,25,26971.93,2026-02-24
1177,F-01177,23,21736.01,2026-02-18
1168,F-01168,46,30175.44,2026-03-01
1169,F-01169,32,38611.85,2026-03-08
1205,F-01205,29,30162.43,2026-04-09
1170,F-01170,11,387.01,2026-03-15
1187,F-01187,36,13343.15,2026-02-20
1178,F-01178,36,18300.00,2026-02-20
1179,F-01179,50,17186.09,2026-03-06
1194,F-01194,15,25513.54,2026-03-03
1180,F-01180,14,44174.01,2026-03-07
1188,F-01188,34,24764.82,2026-03-06
1181,F-01181,7,15616.30,2026-02-23
1182,F-01182,28,3153.12,2026-02-27
1183,F-01183,44,27985.09,2026-02-19
1189,F-01189,51,3018.96,2026-02-19
1184,F-01184,37,18965.93,2026-02-19
1199,F-01199,5,11235.28,2026-03-03
1190,F-01190,31,15211.73,2026-03-18
1195,F-01195,26,31954.29,2026-03-12
1191,F-01191,33,47268.06,2026-03-01
1192,F-01192,48,40793.64,2026-02-20
1202,F-01202,18,32002.21,2026-03-12
1196,F-01196,2,27998.61,2026-03-13
1200,F-01200,15,13988.62,2026-03-08
1197,F-01197,53,25875.30,2026-02-21
1198,F-01198,27,40429.51,2026-02-19
1201,F-01201,3,19260.07,2026-03-18
1204,F-01204,5,9132.33,2026-04-12
1203,F-01203,45,28113.74,2026-03-27
1206,F-01206,13,30803.98,2026-03-29
1171,F-01171,45,49507.61,2026-03-17
1207,F-01207,5,26228.86,2026-03-24
1208,F-01208,25,28802.67,2026-04-15
1209,F-01209,7,74634.17,2026-04-06
1210,F-01210,32,32522.87,2026-04-09
1211,F-01211,54,44248.84,2026-04-18
1212,F-01212,5,31059.45,2026-03-28
1213,F-01213,37,32025.84,2026-04-01
1214,F-01214,1,12415.23,2026-03-23
1215,F-01215,34,23635.71,2026-03-25
1216,F-01216,25,21449.04,2026-03-20
1217,F-01217,26,21507.31,2026-04-10
1252,F-01252,46,23576.43,2026-04-18
1218,F-01218,38,209.86,2026-04-01
1219,F-01219,39,20115.72,2026-04-17
1274,F-01274,10,20652.27,2026-03-25
1220,F-01220,16,27269.75,2026-04-15
1253,F-01253,13,17782.85,2026-04-01
1221,F-01221,6,2271.60,2026-03-22
1222,F-01222,43,14919.55,2026-03-28
1223,F-01223,47,31211.14,2026-03-27
1254,F-01254,45,37699.64,2026-04-16
1224,F-01224,6,2661.96,2026-04-01
1225,F-01225,31,15107.47,2026-03-26
1226,F-01226,14,2658.76,2026-04-18
1255,F-01255,46,28945.30,2026-04-04
1227,F-01227,48,10985.34,2026-04-07
1228,F-01228,6,32346.36,2026-04-14
1275,F-01275,44,41053.26,2026-04-11
1229,F-01229,56,43731.17,2026-04-02
1256,F-01256,37,24912.13,2026-04-18
1230,F-01230,4,1674.69,2026-04-01
1231,F-01231,42,28144.27,2026-03-31
1232,F-01232,12,3739.06,2026-04-05
1257,F-01257,48,12321.70,2026-03-21
1233,F-01233,57,30598.33,2026-04-12
1234,F-01234,3,18338.81,2026-04-16
1301,F-01301,43,8277.47,2026-03-27
1235,F-01235,57,18764.02,2026-03-30
1258,F-01258,52,15779.93,2026-04-07
1236,F-01236,3,14376.30,2026-04-09
1237,F-01237,24,7116.35,2026-03-30
1276,F-01276,28,8591.37,2026-03-29
1238,F-01238,30,29098.99,2026-03-31
1259,F-01259,57,9679.82,2026-04-09
1239,F-01239,8,26934.92,2026-03-29
1240,F-01240,2,14978.75,2026-04-18
1241,F-01241,14,8570.72,2026-04-15
1260,F-01260,18,1330.98,2026-03-28
1242,F-01242,39,4464.06,2026-04-16
1243,F-01243,16,9389.16,2026-03-22
1288,F-01288,49,16595.24,2026-04-10
1244,F-01244,45,25415.26,2026-03-22
1261,F-01261,57,8095.85,2026-03-27
1245,F-01245,58,12856.08,2026-04-17
1246,F-01246,5,6275.94,2026-03-30
1277,F-01277,9,21823.11,2026-04-13
1247,F-01247,11,47591.65,2026-04-18
1262,F-01262,9,18855.25,2026-04-14
1248,F-01248,60,36477.87,2026-04-01
1249,F-01249,55,5026.86,2026-03-20
1250,F-01250,58,45184.06,2026-04-16
1263,F-01263,11,33445.30,2026-03-22
1251,F-01251,53,30724.78,2026-03-31
1264,F-01264,21,20300.11,2026-03-28
1278,F-01278,25,8265.43,2026-03-24
1265,F-01265,18,5782.61,2026-04-01
1266,F-01266,14,18228.75,2026-03-22
1296,F-01296,58,19412.75,2026-04-11
1267,F-01267,9,2271.60,2026-04-17
1279,F-01279,21,30557.43,2026-03-22
1268,F-01268,25,49467.43,2026-04-03
1269,F-01269,58,16446.41,2026-04-04
1289,F-01289,36,66744.39,2026-04-16
1270,F-01270,43,7157.70,2026-03-21
1280,F-01280,5,15830.43,2026-03-30
1271,F-01271,7,14667.33,2026-04-12
1272,F-01272,19,15863.45,2026-04-12
1273,F-01273,8,8907.39,2026-03-25
1281,F-01281,30,10436.64,2026-04-09
1282,F-01282,2,20780.26,2026-03-26
1290,F-01290,11,23485.66,2026-03-24
1283,F-01283,15,24940.55,2026-04-11
1284,F-01284,15,17808.92,2026-04-13
1285,F-01285,43,38042.25,2026-03-30
1291,F-01291,44,8975.55,2026-03-27
1286,F-01286,41,25774.67,2026-04-12
1297,F-01297,3,14724.06,2026-04-16
1292,F-01292,38,6666.14,2026-04-02
1293,F-01293,22,13190.99,2026-03-27
1287,F-01287,37,11400.27,2026-03-21
1298,F-01298,50,36703.36,2026-03-23
1294,F-01294,17,20085.81,2026-04-17
1295,F-01295,12,19964.35,2026-04-10
1302,F-01302,15,13997.87,2026-03-24
1299,F-01299,16,31499.32,2026-03-25
1300,F-01300,4,7946.11,2026-04-02
1305,F-01305,45,31268.38,2026-03-27
1303,F-01303,41,22688.56,2026-04-11
1307,F-01307,18,28472.16,2026-04-11
1304,F-01304,47,39991.20,2026-03-26
1306,F-01306,29,24299.84,2026-04-02
1308,F-01308,40,10276.21,2026-04-08
1309,F-01309,60,10129.02,2026-03-31
1310,F-01310,38,25015.86,2026-04-04
1311,F-01311,31,41819.29,2026-04-15
1312,F-01312,18,8646.45,2026-03-26
1313,F-01313,19,26427.58,2026-03-24
1314,F-01314,48,5113.57,2026-04-15
1315,F-01315,13,24964.47,2026-04-12
1316,F-01316,57,8907.39,2026-04-08
1317,F-01317,47,12069.76,2026-04-08
1318,F-01318,15,9660.23,2026-03-21
1320,F-01320,4,10035.38,2026-04-06
1321,F-01321,60,28136.14,2026-04-01
1389,F-01389,22,29520.18,2026-04-02
1322,F-01322,28,29003.26,2026-03-24
1355,F-01355,26,5960.63,2026-04-13
1323,F-01323,3,41639.52,2026-04-05
1324,F-01324,25,28927.20,2026-04-04
1376,F-01376,37,19120.47,2026-03-29
1325,F-01325,43,11621.76,2026-03-27
1356,F-01356,32,12424.52,2026-04-13
1326,F-01326,58,26808.25,2026-04-15
1327,F-01327,26,18659.58,2026-04-04
1328,F-01328,47,12307.03,2026-03-22
1357,F-01357,9,17148.07,2026-04-17
1329,F-01329,35,14990.74,2026-03-21
1330,F-01330,28,33548.99,2026-04-12
1331,F-01331,53,4029.71,2026-04-16
1358,F-01358,47,36610.31,2026-04-15
1332,F-01332,7,41533.67,2026-04-02
1333,F-01333,43,20440.85,2026-03-22
1377,F-01377,13,6108.51,2026-04-05
1334,F-01334,38,16049.16,2026-04-17
1359,F-01359,3,26166.12,2026-03-20
1335,F-01335,22,21554.28,2026-03-20
1336,F-01336,45,42745.92,2026-04-07
1337,F-01337,48,11848.61,2026-04-10
1360,F-01360,45,24807.68,2026-03-22
1338,F-01338,48,28566.81,2026-04-08
1339,F-01339,44,18363.85,2026-04-07
1406,F-01406,53,146.18,2026-04-12
1340,F-01340,9,29016.35,2026-04-01
1361,F-01361,11,9206.87,2026-03-27
1341,F-01341,4,9338.67,2026-04-02
1342,F-01342,5,2322.29,2026-03-25
1378,F-01378,54,17260.35,2026-03-28
1343,F-01343,2,22030.80,2026-04-18
1362,F-01362,45,33767.17,2026-04-05
1344,F-01344,57,6598.20,2026-04-18
1345,F-01345,39,11565.22,2026-04-10
1346,F-01346,13,6225.78,2026-04-07
1363,F-01363,20,25266.42,2026-04-16
1347,F-01347,16,29345.28,2026-03-21
1348,F-01348,50,14380.06,2026-04-17
1390,F-01390,58,12953.22,2026-04-03
1349,F-01349,18,4138.41,2026-04-02
1364,F-01364,32,16418.28,2026-04-02
1350,F-01350,39,17183.77,2026-04-14
1351,F-01351,59,11393.56,2026-03-25
1379,F-01379,38,13178.60,2026-04-17
1352,F-01352,9,14560.47,2026-04-02
1365,F-01365,58,32795.72,2026-03-24
1353,F-01353,34,24033.62,2026-03-26
1366,F-01366,47,13386.97,2026-04-03
1380,F-01380,44,24017.61,2026-04-18
1367,F-01367,45,10328.18,2026-04-11
1368,F-01368,40,12548.82,2026-03-26
1398,F-01398,24,10875.87,2026-04-12
1369,F-01369,31,8058.94,2026-03-20
1381,F-01381,30,28205.99,2026-03-23
1370,F-01370,44,12219.91,2026-03-26
1371,F-01371,24,2293.12,2026-04-06
1391,F-01391,32,25419.13,2026-04-13
1372,F-01372,1,20504.88,2026-04-18
1382,F-01382,55,15515.30,2026-04-12
1373,F-01373,34,19792.89,2026-04-14
1374,F-01374,49,27667.26,2026-03-30
1375,F-01375,42,31487.11,2026-04-07
1383,F-01383,11,16390.57,2026-03-26
1384,F-01384,11,25427.81,2026-03-24
1392,F-01392,15,23090.50,2026-03-30
1385,F-01385,42,7245.84,2026-04-01
1386,F-01386,4,15873.73,2026-03-22
1403,F-01403,9,46699.26,2026-03-30
1387,F-01387,14,6025.02,2026-04-18
1393,F-01393,20,4582.05,2026-04-10
1388,F-01388,5,12856.08,2026-04-12
1399,F-01399,53,4823.78,2026-03-27
1394,F-01394,2,7553.90,2026-04-11
1395,F-01395,33,18439.23,2026-04-01
1400,F-01400,58,8580.06,2026-03-31
1396,F-01396,28,10777.24,2026-04-06
1397,F-01397,12,33758.52,2026-03-21
1401,F-01401,48,12089.13,2026-04-08
1404,F-01404,2,19697.26,2026-04-11
1402,F-01402,50,20240.34,2026-03-25
1408,F-01408,44,38702.53,2026-03-23
1405,F-01405,10,14110.06,2026-04-07
1407,F-01407,44,11165.81,2026-04-01
1410,F-01410,42,17228.94,2026-04-17
1319,F-01319,43,17743.74,2026-04-01
1409,F-01409,15,23866.67,2026-03-29
1411,F-01411,46,28072.60,2026-04-05
1412,F-01412,21,27715.24,2026-04-05
1413,F-01413,19,4113.32,2026-04-01
1414,F-01414,7,34809.71,2026-04-17
1415,F-01415,47,2550.00,2026-03-22
1416,F-01416,22,41891.35,2026-04-17
1417,F-01417,16,27053.70,2026-04-06
1418,F-01418,39,35692.23,2026-04-09
1419,F-01419,29,7429.51,2026-03-21
1420,F-01420,25,15831.29,2026-03-22
1354,F-01354,18,23455.61,2026-04-18
1422,F-01422,20,6066.59,2026-03-31
1423,F-01423,48,54090.37,2026-04-09
1500,F-01500,52,24236.19,2026-04-05
1424,F-01424,40,33958.66,2026-04-16
1457,F-01457,58,19488.94,2026-04-02
1425,F-01425,3,39514.69,2026-03-22
1426,F-01426,17,29314.60,2026-03-22
1478,F-01478,22,15181.77,2026-04-03
1427,F-01427,31,14164.70,2026-04-10
1458,F-01458,36,16069.69,2026-03-29
1428,F-01428,22,11509.66,2026-03-21
1429,F-01429,5,12860.08,2026-04-18
1430,F-01430,10,30000.00,2026-04-03
1459,F-01459,40,8495.76,2026-03-24
1431,F-01431,15,55419.29,2026-03-22
1432,F-01432,1,16217.44,2026-04-16
1492,F-01492,29,14502.68,2026-04-13
1433,F-01433,48,11451.08,2026-04-14
1460,F-01460,35,16143.30,2026-03-20
1434,F-01434,23,6773.21,2026-04-14
1435,F-01435,7,20895.81,2026-04-04
1479,F-01479,40,37593.58,2026-03-27
1436,F-01436,45,18426.98,2026-04-12
1461,F-01461,12,29402.43,2026-04-07
1437,F-01437,15,27413.12,2026-03-31
1438,F-01438,36,6598.20,2026-04-02
1439,F-01439,22,43408.34,2026-04-07
1462,F-01462,12,22285.64,2026-03-31
1440,F-01440,33,3112.89,2026-04-05
1441,F-01441,5,4996.17,2026-03-28
1442,F-01442,19,62880.69,2026-03-20
1463,F-01463,49,1527.35,2026-04-02
1443,F-01443,10,2158.31,2026-03-24
1444,F-01444,10,7751.60,2026-03-23
1480,F-01480,2,36885.12,2026-04-08
1445,F-01445,39,15606.76,2026-03-20
1464,F-01464,43,19151.41,2026-04-10
1446,F-01446,21,22471.42,2026-04-10
1447,F-01447,9,8176.62,2026-04-10
1448,F-01448,32,28816.05,2026-03-26
1465,F-01465,47,14299.36,2026-03-28
1449,F-01449,55,29814.26,2026-04-09
1450,F-01450,21,31820.84,2026-04-11
1451,F-01451,5,7641.79,2026-03-22
1466,F-01466,12,25070.71,2026-04-04
1452,F-01452,38,2591.78,2026-03-22
1453,F-01453,26,19772.34,2026-04-01
1481,F-01481,18,12903.96,2026-03-26
1454,F-01454,55,2199.40,2026-04-10
1467,F-01467,37,14042.73,2026-04-03
1455,F-01455,32,18296.06,2026-04-16
1493,F-01493,16,17310.08,2026-03-26
1468,F-01468,32,11244.66,2026-03-27
1482,F-01482,45,36223.22,2026-03-20
1469,F-01469,10,9363.60,2026-03-30
1470,F-01470,47,19552.27,2026-03-27
1471,F-01471,25,4285.36,2026-03-26
1483,F-01483,28,28578.31,2026-03-28
1472,F-01472,42,25599.94,2026-03-29
1473,F-01473,35,4586.24,2026-04-02
1474,F-01474,2,8191.15,2026-04-03
1421,F-01421,20,25374.53,2026-03-30
1484,F-01484,36,14110.09,2026-03-27
1475,F-01475,9,23819.79,2026-04-06
1476,F-01476,46,6687.36,2026-03-29
1494,F-01494,37,52980.84,2026-03-31
1477,F-01477,5,8784.74,2026-04-18
1485,F-01485,15,14992.88,2026-04-17
1486,F-01486,18,38321.92,2026-04-14
1501,F-01501,58,15717.63,2026-03-23
1487,F-01487,54,38839.01,2026-03-25
1495,F-01495,30,10821.38,2026-04-12
1488,F-01488,10,8676.86,2026-03-31
1489,F-01489,39,10299.68,2026-03-24
1490,F-01490,43,21377.74,2026-04-02
1496,F-01496,4,20212.29,2026-04-05
1491,F-01491,30,59864.25,2026-03-24
1506,F-01506,16,29839.57,2026-05-10
1497,F-01497,2,13132.17,2026-04-09
1502,F-01502,52,24815.65,2026-04-17
1498,F-01498,1,15327.10,2026-03-21
1499,F-01499,2,12171.25,2026-04-02
1509,F-01509,5,5620.67,2026-05-02
1503,F-01503,17,10695.34,2026-04-21
1507,F-01507,44,27550.69,2026-04-20
1504,F-01504,46,14893.43,2026-05-06
1505,F-01505,25,24613.11,2026-05-06
1508,F-01508,53,24217.06,2026-05-05
1511,F-01511,11,15885.36,2026-04-29
1510,F-01510,18,23379.98,2026-04-29
1512,F-01512,9,12966.71,2026-04-23
1513,F-01513,33,37142.93,2026-04-30
1514,F-01514,1,62381.68,2026-05-10
1515,F-01515,2,27110.46,2026-04-25
1516,F-01516,27,40395.52,2026-05-17
1517,F-01517,2,27823.05,2026-04-24
1518,F-01518,33,24737.82,2026-04-27
1519,F-01519,56,23402.91,2026-05-13
1520,F-01520,20,7939.08,2026-04-22
1521,F-01521,30,29260.45,2026-04-24
1522,F-01522,6,3164.81,2026-05-11
1456,F-01456,45,30876.81,2026-04-08
1524,F-01524,50,24998.15,2026-05-03
1525,F-01525,58,32265.03,2026-04-22
1602,F-01602,1,6966.87,2026-04-25
1526,F-01526,42,16818.08,2026-05-12
1559,F-01559,9,25402.82,2026-05-04
1527,F-01527,22,2199.40,2026-05-18
1528,F-01528,57,6084.54,2026-04-21
1580,F-01580,41,12133.18,2026-04-27
1529,F-01529,1,12385.51,2026-05-14
1560,F-01560,9,17798.47,2026-04-25
1530,F-01530,58,34415.99,2026-05-12
1531,F-01531,42,19947.87,2026-05-06
1532,F-01532,49,12347.32,2026-04-28
1561,F-01561,18,4996.17,2026-05-13
1533,F-01533,29,16284.30,2026-05-03
1534,F-01534,36,15749.79,2026-04-29
1594,F-01594,53,7011.73,2026-04-25
1535,F-01535,49,19513.75,2026-04-25
1562,F-01562,39,14535.18,2026-04-23
1536,F-01536,58,27308.67,2026-05-18
1537,F-01537,14,19570.04,2026-05-08
1581,F-01581,28,37134.00,2026-05-16
1538,F-01538,32,22868.88,2026-05-11
1563,F-01563,15,23291.92,2026-05-07
1539,F-01539,36,30932.61,2026-05-16
1540,F-01540,49,5081.92,2026-04-21
1541,F-01541,30,17151.82,2026-04-29
1564,F-01564,11,21811.21,2026-05-15
1542,F-01542,40,6798.70,2026-04-24
1543,F-01543,4,14005.27,2026-04-27
1544,F-01544,17,18468.60,2026-05-07
1565,F-01565,57,5622.33,2026-04-19
1545,F-01545,6,3419.53,2026-04-22
1546,F-01546,16,4138.41,2026-05-14
1582,F-01582,13,22655.67,2026-05-08
1547,F-01547,5,6953.14,2026-05-01
1566,F-01566,53,24796.29,2026-05-15
1548,F-01548,43,33450.15,2026-05-09
1549,F-01549,53,28474.10,2026-04-29
1550,F-01550,47,1238.56,2026-04-19
1567,F-01567,31,24109.81,2026-04-29
1551,F-01551,28,16812.02,2026-04-30
1552,F-01552,4,6839.06,2026-05-07
1553,F-01553,33,10446.11,2026-05-18
1568,F-01568,23,11352.98,2026-05-02
1554,F-01554,53,19491.67,2026-04-28
1555,F-01555,47,8726.24,2026-05-08
1583,F-01583,44,20998.28,2026-05-16
1556,F-01556,30,18843.32,2026-05-15
1569,F-01569,37,3431.13,2026-04-30
1557,F-01557,58,2077.24,2026-05-11
1595,F-01595,7,21409.05,2026-04-21
1570,F-01570,12,18834.28,2026-04-30
1584,F-01584,38,17700.02,2026-05-12
1571,F-01571,6,60784.46,2026-04-19
1572,F-01572,27,10292.74,2026-04-29
1573,F-01573,6,2661.96,2026-04-23
1585,F-01585,1,34762.92,2026-05-05
1574,F-01574,1,25876.35,2026-04-25
1575,F-01575,57,24170.68,2026-04-30
1576,F-01576,7,7495.37,2026-04-21
1523,F-01523,4,32285.84,2026-05-05
1586,F-01586,18,29836.26,2026-05-12
1577,F-01577,1,14291.49,2026-04-28
1578,F-01578,1,3054.70,2026-04-20
1596,F-01596,55,26031.57,2026-04-19
1579,F-01579,39,26535.26,2026-05-05
1587,F-01587,56,7495.37,2026-04-26
1588,F-01588,38,40592.20,2026-04-19
1603,F-01603,21,13880.84,2026-05-05
1589,F-01589,23,7854.27,2026-05-07
1597,F-01597,13,20833.61,2026-04-19
1590,F-01590,55,21449.04,2026-04-19
1591,F-01591,18,10256.38,2026-04-27
1592,F-01592,30,13233.21,2026-05-12
1598,F-01598,37,57094.88,2026-05-01
1593,F-01593,2,16770.75,2026-05-15
1608,F-01608,22,9720.13,2026-04-22
1599,F-01599,2,3739.06,2026-05-01
1604,F-01604,7,37065.64,2026-04-25
1600,F-01600,60,31592.65,2026-05-08
1601,F-01601,17,4677.06,2026-04-22
1611,F-01611,45,10446.48,2026-05-04
1605,F-01605,35,25267.95,2026-05-04
1609,F-01609,4,25396.23,2026-05-17
1606,F-01606,48,15459.18,2026-04-25
1607,F-01607,48,31888.47,2026-04-20
1610,F-01610,4,21369.87,2026-05-16
1613,F-01613,48,13990.83,2026-05-09
1612,F-01612,54,2411.89,2026-05-15
1614,F-01614,23,14795.14,2026-05-18
1615,F-01615,22,35127.65,2026-04-28
1616,F-01616,57,9448.46,2026-05-10
1617,F-01617,2,11565.22,2026-04-30
1618,F-01618,28,2690.38,2026-04-19
1619,F-01619,49,14849.85,2026-05-12
1620,F-01620,21,37250.46,2026-05-03
1621,F-01621,37,8268.10,2026-05-05
1622,F-01622,53,3833.34,2026-05-03
1623,F-01623,35,13374.72,2026-04-29
1624,F-01624,48,3934.15,2026-05-06
1558,F-01558,25,18249.19,2026-05-03
1626,F-01626,7,36520.98,2026-05-10
1627,F-01627,16,4996.79,2026-05-07
1704,F-01704,15,29968.78,2026-04-19
1628,F-01628,45,29590.12,2026-04-29
1661,F-01661,47,12186.01,2026-05-03
1629,F-01629,30,27788.33,2026-05-04
1630,F-01630,10,14248.31,2026-05-15
1682,F-01682,46,38519.99,2026-05-06
1631,F-01631,51,36561.48,2026-05-09
1662,F-01662,57,25302.16,2026-05-15
1632,F-01632,58,2927.24,2026-05-16
1633,F-01633,28,11415.78,2026-04-19
1634,F-01634,26,8015.02,2026-05-01
1663,F-01663,5,11464.65,2026-05-03
1635,F-01635,10,37424.32,2026-04-28
1636,F-01636,30,10588.06,2026-05-02
1696,F-01696,34,42767.43,2026-05-14
1637,F-01637,22,50780.59,2026-05-08
1664,F-01664,8,3838.44,2026-05-06
1638,F-01638,25,28584.07,2026-04-23
1639,F-01639,12,4029.71,2026-04-28
1683,F-01683,58,37034.36,2026-04-20
1640,F-01640,40,73696.59,2026-04-29
1665,F-01665,39,11897.38,2026-05-13
1641,F-01641,59,18268.02,2026-04-28
1642,F-01642,43,34903.28,2026-05-16
1643,F-01643,43,35659.23,2026-05-07
1666,F-01666,42,19816.44,2026-04-29
1644,F-01644,19,4543.20,2026-05-12
1645,F-01645,58,15414.34,2026-05-14
1646,F-01646,13,16865.76,2026-05-03
1667,F-01667,55,10701.76,2026-04-28
1647,F-01647,22,28668.33,2026-05-02
1648,F-01648,21,2558.96,2026-05-08
1684,F-01684,55,25435.79,2026-05-03
1649,F-01649,2,14179.31,2026-05-18
1668,F-01668,53,11460.41,2026-05-05
1650,F-01650,33,9029.06,2026-05-01
1651,F-01651,54,12981.00,2026-04-22
1652,F-01652,10,6882.68,2026-05-18
1669,F-01669,19,27873.09,2026-04-30
1653,F-01653,50,35932.77,2026-05-13
1654,F-01654,7,38652.80,2026-04-19
1655,F-01655,58,41726.13,2026-04-24
1670,F-01670,43,33267.44,2026-04-24
1656,F-01656,48,36127.36,2026-05-12
1657,F-01657,49,9982.35,2026-04-29
1685,F-01685,40,5095.39,2026-05-09
1658,F-01658,30,40490.10,2026-05-18
1671,F-01671,35,7702.31,2026-04-20
1659,F-01659,41,12089.13,2026-05-15
1697,F-01697,38,2393.25,2026-05-05
1672,F-01672,34,10439.22,2026-05-03
1686,F-01686,4,5590.25,2026-05-07
1673,F-01673,54,5380.76,2026-05-15
1674,F-01674,20,26196.83,2026-04-26
1675,F-01675,54,13332.28,2026-04-19
1687,F-01687,25,15579.50,2026-05-14
1676,F-01676,25,6599.09,2026-04-22
1677,F-01677,43,34962.35,2026-05-05
1716,F-01716,2,23790.14,2026-05-04
1678,F-01678,6,18003.42,2026-05-14
1688,F-01688,36,10478.42,2026-05-08
1679,F-01679,27,41467.12,2026-04-25
1680,F-01680,31,12661.37,2026-04-28
1698,F-01698,56,8416.44,2026-05-11
1681,F-01681,11,11698.20,2026-05-11
1689,F-01689,43,16772.44,2026-04-29
1690,F-01690,57,31823.59,2026-05-14
1705,F-01705,43,16364.58,2026-05-02
1691,F-01691,19,17971.97,2026-04-23
1699,F-01699,8,23405.04,2026-05-14
1692,F-01692,47,19773.51,2026-05-04
1693,F-01693,48,8539.56,2026-04-23
1694,F-01694,44,19206.35,2026-05-04
1700,F-01700,32,23584.35,2026-05-10
1695,F-01695,35,14990.74,2026-04-28
1710,F-01710,55,20458.02,2026-04-19
1701,F-01701,39,12053.18,2026-05-04
1706,F-01706,22,9778.74,2026-05-09
1702,F-01702,59,13844.03,2026-04-25
1703,F-01703,26,11158.43,2026-04-26
1713,F-01713,42,15889.76,2026-04-29
1707,F-01707,44,22713.39,2026-04-28
1711,F-01711,36,35512.54,2026-05-13
1708,F-01708,34,21153.96,2026-05-09
1709,F-01709,56,18737.97,2026-04-23
1712,F-01712,20,2502.53,2026-05-05
1715,F-01715,44,7992.67,2026-04-28
1714,F-01714,19,32709.34,2026-04-28
1717,F-01717,50,45774.52,2026-04-26
1660,F-01660,26,171.90,2026-05-03
1718,F-01718,22,36744.48,2026-05-04
1719,F-01719,38,21942.69,2026-04-21
1720,F-01720,8,1209.98,2026-05-07
1721,F-01721,6,23541.23,2026-05-18
1722,F-01722,13,2419.96,2026-04-29
1723,F-01723,14,8405.63,2026-05-04
1724,F-01724,37,14514.66,2026-05-09
1725,F-01725,29,7553.90,2026-05-08
1726,F-01726,3,5194.64,2026-04-28
1727,F-01727,5,10946.01,2026-05-18
1729,F-01729,41,22284.06,2026-05-09
1730,F-01730,52,17985.91,2026-05-12
1807,F-01807,29,26496.63,2026-05-04
1731,F-01731,5,29809.03,2026-04-20
1764,F-01764,34,14491.68,2026-05-08
1732,F-01732,41,9641.64,2026-05-07
1733,F-01733,16,59921.07,2026-05-14
1785,F-01785,19,21501.83,2026-04-25
1734,F-01734,3,9622.30,2026-04-20
1765,F-01765,17,15989.66,2026-05-17
1735,F-01735,19,28901.92,2026-05-03
1736,F-01736,21,6654.90,2026-05-07
1737,F-01737,15,12851.11,2026-04-25
1766,F-01766,28,17540.78,2026-04-21
1738,F-01738,57,32984.29,2026-04-19
1739,F-01739,43,12492.08,2026-05-12
1799,F-01799,13,10537.39,2026-05-06
1740,F-01740,7,25298.66,2026-05-04
1767,F-01767,16,5581.41,2026-05-07
1741,F-01741,30,21324.97,2026-05-09
1742,F-01742,44,25061.12,2026-04-21
1786,F-01786,9,12142.44,2026-04-25
1743,F-01743,44,25501.81,2026-05-17
1768,F-01768,10,8526.51,2026-04-29
1744,F-01744,13,23867.95,2026-04-30
1745,F-01745,53,35027.32,2026-04-25
1746,F-01746,12,15981.88,2026-05-01
1769,F-01769,36,21063.68,2026-04-27
1747,F-01747,7,7663.82,2026-05-11
1748,F-01748,25,9389.16,2026-05-13
1749,F-01749,57,8634.38,2026-04-24
1770,F-01770,40,13753.58,2026-05-11
1750,F-01750,48,1038.62,2026-05-06
1751,F-01751,44,25088.89,2026-05-13
1787,F-01787,56,39813.27,2026-05-14
1752,F-01752,21,17512.69,2026-05-04
1771,F-01771,49,16402.03,2026-04-22
1753,F-01753,20,21820.55,2026-04-23
1754,F-01754,24,21443.44,2026-05-16
1755,F-01755,48,22677.59,2026-05-11
1772,F-01772,25,24498.11,2026-04-24
1756,F-01756,25,16625.42,2026-04-28
1757,F-01757,32,21207.09,2026-04-24
1758,F-01758,27,38089.35,2026-05-03
1773,F-01773,27,23168.14,2026-04-28
1759,F-01759,23,21289.19,2026-04-30
1760,F-01760,36,22964.89,2026-04-26
1788,F-01788,54,13534.40,2026-04-22
1761,F-01761,25,19011.02,2026-05-12
1774,F-01774,49,11623.44,2026-05-11
1762,F-01762,51,26257.08,2026-04-24
1800,F-01800,46,31645.66,2026-05-01
1775,F-01775,28,25333.44,2026-04-27
1789,F-01789,35,11693.64,2026-05-04
1776,F-01776,39,28825.23,2026-05-04
1777,F-01777,17,25978.60,2026-04-26
1778,F-01778,1,20097.70,2026-04-24
1790,F-01790,42,21636.30,2026-04-25
1779,F-01779,33,10985.34,2026-04-21
1780,F-01780,8,48272.19,2026-04-29
1819,F-01819,1,20085.81,2026-04-21
1781,F-01781,5,16632.61,2026-04-20
1791,F-01791,1,12710.76,2026-05-13
1782,F-01782,3,19971.29,2026-05-08
1783,F-01783,59,171.90,2026-05-13
1801,F-01801,32,36446.03,2026-05-14
1784,F-01784,44,17540.83,2026-05-16
1792,F-01792,19,11621.76,2026-05-03
1793,F-01793,46,20805.32,2026-05-13
1808,F-01808,3,4230.03,2026-04-22
1794,F-01794,23,10866.53,2026-05-05
1802,F-01802,5,26477.59,2026-05-05
1795,F-01795,50,49258.91,2026-05-03
1796,F-01796,14,9074.58,2026-04-23
1797,F-01797,6,4290.60,2026-05-05
1803,F-01803,30,3920.47,2026-05-07
1798,F-01798,36,14915.11,2026-05-10
1813,F-01813,59,2948.05,2026-04-27
1804,F-01804,39,6236.67,2026-05-08
1809,F-01809,16,13869.96,2026-04-25
1805,F-01805,48,15335.74,2026-04-26
1806,F-01806,48,22383.23,2026-04-21
1816,F-01816,55,2220.39,2026-05-07
1810,F-01810,42,17632.79,2026-05-14
1814,F-01814,5,17634.13,2026-05-08
1811,F-01811,5,12841.46,2026-04-24
1812,F-01812,41,9720.96,2026-04-23
1815,F-01815,19,12504.44,2026-04-24
1818,F-01818,37,10112.69,2026-04-19
1817,F-01817,17,22470.60,2026-05-06
1820,F-01820,4,28704.25,2026-05-18
1763,F-01763,57,17435.16,2026-05-02
1821,F-01821,44,20820.49,2026-05-13
1822,F-01822,57,27844.69,2026-04-19
1823,F-01823,18,14999.07,2026-05-06
1824,F-01824,4,19571.40,2026-05-03
1825,F-01825,39,6737.43,2026-04-25
1826,F-01826,12,8644.03,2026-05-03
1827,F-01827,15,2882.15,2026-04-28
1828,F-01828,55,5564.84,2026-04-19
1829,F-01829,16,8238.30,2026-05-02
1830,F-01830,30,38482.66,2026-05-13
1910,F-01910,20,9788.36,2026-05-18
1832,F-01832,46,443.26,2026-05-10
1866,F-01866,11,25850.55,2026-04-26
1833,F-01833,44,32883.34,2026-05-01
1834,F-01834,39,9029.43,2026-05-12
1888,F-01888,3,28548.06,2026-05-01
1835,F-01835,8,29119.05,2026-04-22
1867,F-01867,58,31633.68,2026-05-12
1836,F-01836,37,15509.65,2026-04-29
1837,F-01837,13,30600.29,2026-04-28
1838,F-01838,1,13251.96,2026-04-20
1868,F-01868,18,5743.16,2026-05-11
1839,F-01839,21,50799.92,2026-04-19
1840,F-01840,5,7273.95,2026-05-14
1902,F-01902,52,23283.46,2026-04-26
1841,F-01841,27,10248.37,2026-04-24
1869,F-01869,18,29199.58,2026-05-04
1842,F-01842,51,13811.58,2026-04-28
1843,F-01843,45,37509.80,2026-04-29
1889,F-01889,21,17288.40,2026-05-03
1844,F-01844,37,45792.20,2026-05-18
1870,F-01870,33,51739.65,2026-04-25
1845,F-01845,52,23684.32,2026-05-02
1846,F-01846,2,23121.51,2026-05-12
1847,F-01847,51,10992.56,2026-05-06
1871,F-01871,60,32200.00,2026-04-20
1848,F-01848,15,7251.51,2026-05-07
1849,F-01849,46,22853.81,2026-04-22
1850,F-01850,20,31584.88,2026-05-01
1872,F-01872,29,30925.93,2026-04-28
1851,F-01851,25,37406.13,2026-05-01
1852,F-01852,51,13811.58,2026-05-11
1890,F-01890,37,16167.05,2026-05-10
1853,F-01853,2,22065.53,2026-05-06
1873,F-01873,50,4029.71,2026-05-05
1854,F-01854,41,5017.69,2026-04-20
1855,F-01855,10,209.86,2026-05-17
1856,F-01856,20,8265.43,2026-05-16
1874,F-01874,50,18251.00,2026-04-29
1857,F-01857,43,18340.44,2026-05-09
1858,F-01858,33,5096.37,2026-05-07
1859,F-01859,36,11705.32,2026-05-10
1875,F-01875,53,7176.40,2026-05-04
1860,F-01860,6,19451.70,2026-04-25
1861,F-01861,26,35487.13,2026-04-28
1891,F-01891,54,14424.20,2026-04-26
1862,F-01862,6,4440.78,2026-05-18
1876,F-01876,17,18711.65,2026-05-17
1863,F-01863,6,5733.66,2026-05-08
1864,F-01864,36,6884.09,2026-05-07
1865,F-01865,31,7976.28,2026-05-13
1877,F-01877,29,13595.02,2026-05-03
1903,F-01903,16,8580.06,2026-05-18
1878,F-01878,24,22471.98,2026-05-09
1892,F-01892,2,5581.41,2026-04-30
1879,F-01879,52,14424.20,2026-05-12
1880,F-01880,40,12126.19,2026-04-22
1881,F-01881,22,24131.80,2026-04-30
1893,F-01893,38,26272.20,2026-05-03
1882,F-01882,56,7801.68,2026-05-02
1883,F-01883,32,34694.33,2026-05-15
1922,F-01922,4,32051.61,2026-05-15
1884,F-01884,2,1509.48,2026-05-12
1894,F-01894,35,58621.50,2026-04-20
1885,F-01885,24,2003.74,2026-05-09
1886,F-01886,48,19988.28,2026-04-19
1904,F-01904,19,6980.97,2026-05-15
1887,F-01887,49,27195.46,2026-05-14
1895,F-01895,23,24094.34,2026-05-10
1896,F-01896,57,26228.46,2026-05-12
1911,F-01911,4,39656.61,2026-04-29
1897,F-01897,30,24432.62,2026-05-03
1905,F-01905,10,9816.04,2026-04-22
1898,F-01898,58,2988.86,2026-05-16
1899,F-01899,48,5977.72,2026-05-07
1900,F-01900,7,17319.11,2026-05-11
1906,F-01906,3,13378.40,2026-04-28
1901,F-01901,56,44919.74,2026-05-02
1916,F-01916,4,32246.12,2026-04-24
1907,F-01907,48,22820.47,2026-04-28
1912,F-01912,15,23636.47,2026-04-25
1908,F-01908,3,18626.64,2026-05-10
1909,F-01909,51,6066.59,2026-05-06
1919,F-01919,4,14909.19,2026-05-11
1913,F-01913,14,6084.54,2026-04-27
1917,F-01917,55,14531.50,2026-05-11
1914,F-01914,43,33037.54,2026-04-21
1915,F-01915,39,39131.30,2026-05-14
1918,F-01918,14,25891.06,2026-05-18
1921,F-01921,22,6369.27,2026-04-24
1920,F-01920,37,32509.14,2026-05-11
1923,F-01923,19,35836.32,2026-05-07
1831,F-01831,26,12316.51,2026-04-25
1924,F-01924,29,62255.64,2026-04-21
1925,F-01925,14,4913.12,2026-05-08
1926,F-01926,59,21478.06,2026-04-22
1927,F-01927,47,27323.72,2026-05-12
1928,F-01928,41,18266.88,2026-05-05
1929,F-01929,32,8600.49,2026-04-19
1930,F-01930,8,10814.72,2026-05-04
1931,F-01931,25,44261.41,2026-05-04
1932,F-01932,53,543.22,2026-05-11
1933,F-01933,56,21449.04,2026-05-12
1934,F-01934,25,34871.46,2026-04-21
1969,F-01969,27,13332.28,2026-04-26
1935,F-01935,27,52027.20,2026-04-19
1936,F-01936,6,23820.96,2026-05-15
1937,F-01937,8,18656.50,2026-05-15
1970,F-01970,53,21636.30,2026-05-18
1938,F-01938,53,6598.20,2026-05-17
1939,F-01939,16,12661.05,2026-05-09
2005,f-222233,2,17274.06,2026-05-19
1940,F-01940,11,44745.57,2026-04-26
1971,F-01971,14,25821.98,2026-05-15
1941,F-01941,35,22038.96,2026-05-09
1942,F-01942,59,21036.61,2026-05-05
1991,F-01991,34,11455.29,2026-05-14
1943,F-01943,35,15749.33,2026-05-06
1972,F-01972,45,6043.22,2026-05-06
1944,F-01944,1,51263.99,2026-05-09
1945,F-01945,46,14299.36,2026-04-23
1946,F-01946,11,15272.93,2026-05-08
1973,F-01973,8,7297.34,2026-04-29
1947,F-01947,32,6663.60,2026-05-16
1948,F-01948,23,15717.63,2026-04-22
2003,asdada,2,22676.55,2026-05-19
1949,F-01949,22,38524.88,2026-04-30
1974,F-01974,55,12948.01,2026-05-05
1950,F-01950,38,1700.00,2026-04-28
1951,F-01951,8,29831.04,2026-05-01
1992,F-01992,22,18310.80,2026-05-08
1952,F-01952,59,22416.84,2026-04-30
1975,F-01975,48,13546.42,2026-05-16
1953,F-01953,6,35346.61,2026-05-04
1954,F-01954,46,20753.25,2026-05-08
1955,F-01955,23,23640.08,2026-04-26
1976,F-01976,13,29881.30,2026-05-07
1956,F-01956,35,15844.48,2026-05-11
1957,F-01957,33,12760.94,2026-05-15
1958,F-01958,1,4007.48,2026-04-30
5,F-00005,9,31017.54,2026-03-14
1977,F-01977,60,38511.90,2026-05-13
1959,F-01959,13,22586.86,2026-05-14
1960,F-01960,36,1948.76,2026-04-23
1993,F-01993,36,10946.01,2026-05-07
1961,F-01961,43,1769.52,2026-05-10
1978,F-01978,54,5727.58,2026-04-25
1962,F-01962,7,16171.09,2026-05-05
1963,F-01963,27,11121.07,2026-05-11
1964,F-01964,26,24619.38,2026-04-26
1979,F-01979,29,974.38,2026-05-03
1965,F-01965,55,18000.00,2026-05-07
1966,F-01966,2,5960.63,2026-05-12
1967,F-01967,20,15779.32,2026-05-10
76,F-00076,7,17564.54,2026-03-16
1980,F-01980,9,2419.96,2026-04-26
1968,F-01968,41,45911.41,2026-05-02
1994,F-01994,38,34671.92,2026-04-20
1981,F-01981,4,14581.44,2026-05-03
1982,F-01982,46,4694.58,2026-04-29
1983,F-01983,20,12083.84,2026-04-21
44,F-00044,4,10243.64,2026-03-17
1995,F-01995,12,1386.00,2026-04-22
1984,F-01984,2,21409.20,2026-05-04
1985,F-01985,12,38564.08,2026-04-21
1986,F-01986,49,60059.38,2026-05-01
31,F-00031,4,17935.66,2026-02-25
1996,F-01996,7,20652.27,2026-04-28
1987,F-01987,39,34374.84,2026-05-06
1988,F-01988,4,23780.22,2026-04-19
1989,F-01989,50,37409.32,2026-05-10
77,F-00077,3,17881.89,2026-02-22
1997,F-01997,12,29084.01,2026-04-28
57,F-00057,3,14052.08,2026-02-25
1998,F-01998,16,28728.47,2026-05-16
87,F-00087,5,17586.81,2026-03-15
1999,F-01999,12,37592.30,2026-05-13
100,F-00100,10,25805.82,2026-02-23
2000,F-02000,42,19974.28,2026-05-18
112,F-00112,2,23163.30,2026-03-07
2001,F-02001,51,15890.60,2026-05-09
116,F-00116,2,26869.54,2026-03-06
2002,F-02002,32,3774.03,2026-04-26
123,F-00123,2,17970.12,2026-03-14
2004,adadas,1,17887.70,2026-05-19
174,F-00174,4,17032.33,2026-03-15
142,F-00142,6,39566.64,2026-02-26
161,F-00161,8,47574.62,2026-02-21
171,F-00171,1,49346.62,2026-02-27
192,F-00192,9,12001.60,2026-03-01
206,F-00206,1,33744.09,2026-03-25
220,F-00220,10,15010.80,2026-03-21
226,F-00226,9,16770.75,2026-03-30
234,F-00234,8,32094.39,2026-03-26
241,F-00241,1,27152.36,2026-04-01
249,F-00249,4,13546.42,2026-04-02
255,F-00255,1,23450.30,2026-03-27
276,F-00276,3,24570.91,2026-04-04
293,F-00293,2,33349.61,2026-04-12
311,F-00311,9,13390.54,2026-04-02
322,F-00322,1,27785.79,2026-04-03
427,F-00427,7,21962.91,2026-03-30
374,F-00374,10,32593.13,2026-04-01
349,F-00349,4,10803.09,2026-03-26
1990,F-01990,23,15569.84,2026-05-18
357,F-00357,4,44702.60,2026-04-09
382,F-00382,3,29760.84,2026-03-24
400,F-00400,10,24865.38,2026-03-21
393,F-00393,2,19263.64,2026-04-11
408,F-00408,4,25701.54,2026-04-03
420,F-00420,8,11179.36,2026-03-26
437,F-00437,1,30424.08,2026-04-06
447,F-00447,6,46192.68,2026-04-07
452,F-00452,5,48930.83,2026-03-22
464,F-00464,10,21090.54,2026-03-20
472,F-00472,1,14407.75,2026-04-01
511,F-00511,7,25815.55,2026-04-25
497,F-00497,3,19497.84,2026-04-10
504,F-00504,4,14514.86,2026-04-22
522,F-00522,5,44938.51,2026-04-26
544,F-00544,5,34703.97,2026-05-14
554,F-00554,8,29181.74,2026-05-01
563,F-00563,2,37963.07,2026-05-11
570,F-00570,7,14581.44,2026-04-20
580,F-00580,7,12226.96,2026-04-25
587,F-00587,6,22213.20,2026-05-01
593,F-00593,5,41261.06,2026-04-25
612,F-00612,7,25817.83,2026-05-07
629,F-00629,1,24793.14,2026-05-12
647,F-00647,5,33007.46,2026-05-15
657,F-00657,2,36055.04,2026-04-21
763,F-00763,3,10539.44,2026-05-02
676,F-00676,10,39809.81,2026-04-25
733,F-00733,1,15551.13,2026-04-25
693,F-00693,7,30470.17,2026-04-19
702,F-00702,3,23129.26,2026-04-20
736,F-00736,6,25727.53,2026-05-08
730,F-00730,2,45326.37,2026-04-27
767,F-00767,4,31123.71,2026-04-26
772,F-00772,3,24792.11,2026-05-04
788,F-00788,2,42080.01,2026-05-17
797,F-00797,10,20923.67,2026-04-30
846,F-00846,7,41163.16,2026-04-20
812,F-00812,7,46300.57,2026-04-21
820,F-00820,9,20479.70,2026-04-25
838,F-00838,7,33099.07,2026-04-29
862,F-00862,7,37950.34,2026-05-03
871,F-00871,4,25759.71,2026-05-04
883,F-00883,2,47703.21,2026-05-10
896,F-00896,9,32739.72,2026-04-23
987,F-00987,3,35905.39,2026-04-26
903,F-00903,10,12982.72,2026-05-05
910,F-00910,9,27293.07,2026-04-20
918,F-00918,1,42003.22,2026-05-18
959,F-00959,9,21763.20,2026-04-21
945,F-00945,9,10946.01,2026-05-03
953,F-00953,8,17029.47,2026-04-20
976,F-00976,9,19764.55,2026-05-16
989,F-00989,6,11076.89,2026-05-09
1000,F-01000,3,27250.93,2026-04-22
1061,F-01061,50,25748.32,2026-03-15
1625,F-01625,6,24996.44,2026-05-05
1728,F-01728,11,20782.09,2026-05-01
2006,f-3333333,2,160913.06,2026-05-20
